#VRML V2.0 utf8
# 3D model generated by easyeda2kicad.py (https://github.com/uPesy/easyeda2kicad.py)

Shape{
    appearance Appearance {
        material  Material 	{
            diffuseColor 0.7686274509803922 0.7686274509803922 0.7686274509803922
            specularColor 0.615686274509804 0.615686274509804 0.615686274509804
            ambientIntensity 0.2
            transparency 0
            shininess 0.5
        }
    }
    geometry IndexedFaceSet {
        ccw TRUE
        solid FALSE
        coord DEF co Coordinate {
            point [
                -0.7283 -0.1476 0.0236, -0.7283 -0.1476 0.0197, -0.6496 -0.1476 0.0236, -0.6496 -0.1476 0.0197, -0.7283 -0.148 0.0271, -0.6496 -0.148 0.0271, -0.7283 -0.1492 0.0305, -0.6496 -0.1492 0.0305, -0.7283 -0.1511 0.0334, -0.6496 -0.1511 0.0334, -0.7283 -0.1536 0.0359, -0.6496 -0.1536 0.0359, -0.7283 -0.1566 0.0378, -0.6496 -0.1566 0.0378, -0.7283 -0.1599 0.039, -0.6496 -0.1599 0.039, -0.7283 -0.1634 0.0394, -0.6496 -0.1634 0.0394, -0.7283 -0.2264 0.0394, -0.6496 -0.2264 0.0394, -0.7283 -0.2264 0.1181, -0.6496 -0.2264 0.1181, -0.7283 -1.7224 0.1181, -0.6496 -1.7224 0.1181, -0.6496 -1.7318 0.1192, -0.7283 -1.7318 0.1192, -0.6496 -1.7406 0.1225, -0.7283 -1.7406 0.1225, -0.6496 -1.7484 0.1279, -0.7283 -1.7484 0.1279, -0.6496 -1.7547 0.1349, -0.7283 -1.7547 0.1349, -0.6496 -1.7591 0.1432, -0.7283 -1.7591 0.1432, -0.6496 -1.7615 0.1523, -0.7283 -1.7615 0.1523, -0.6496 -1.7616 0.1617, -0.7283 -1.7616 0.1617, -0.6496 -1.7595 0.1709, -0.7283 -1.7595 0.1709, -0.6496 -1.7552 0.1793, -0.7283 -1.7552 0.1793, -0.6496 -1.7491 0.1864, -0.7283 -1.7491 0.1864, -0.7283 -1.631 0.2953, -0.6496 -1.631 0.2953, -0.7283 -1.631 0.2165, -0.6496 -1.631 0.2165, -0.7283 -0.5369 0.2165, -0.6496 -0.5369 0.2165, -0.7283 -0.5369 0.1969, -0.6496 -0.5369 0.1969, -0.7283 -0.2461 0.1969, -0.6496 -0.2461 0.1969, -0.7283 -0.2461 0.6521, -0.6496 -0.2461 0.6521, -0.7283 -0.8942 0.6521, -0.6496 -0.8942 0.6521, -0.7283 -0.941 0.5709, -0.6496 -0.941 0.5709, -0.7283 -1.3615 0.6503, -0.6496 -1.3615 0.6503, -0.6496 -1.3707 0.6532, -0.7283 -1.3707 0.6532, -0.6496 -1.3789 0.6583, -0.7283 -1.3789 0.6583, -0.6496 -1.3856 0.6653, -0.7283 -1.3856 0.6653, -0.6496 -1.3904 0.6737, -0.7283 -1.3904 0.6737, -0.6496 -1.3931 0.683, -0.7283 -1.3931 0.683, -0.6496 -1.3933 0.6926, -0.7283 -1.3933 0.6926, -0.6496 -1.3913 0.7021, -0.7283 -1.3913 0.7021, -0.6496 -1.3869 0.7107, -0.7283 -1.3869 0.7107, -0.6496 -1.3807 0.7181, -0.7283 -1.3807 0.7181, -0.6496 -1.3728 0.7237, -0.7283 -1.3728 0.7237, -0.6496 -1.3637 0.7272, -0.7283 -1.3637 0.7272, -0.6496 -1.3541 0.7283, -0.7283 -1.3541 0.7283, -0.7283 -0.1476 0.7283, -0.6496 -0.1476 0.7283, -0.7283 -0.1476 0.5315, -0.6496 -0.1476 0.5315, -0.7283 -0.128 0.5315, -0.6496 -0.128 0.5315, -0.7283 -0.128 0.4134, -0.6496 -0.128 0.4134, -0.7283 -0.1476 0.4134, -0.6496 -0.1476 0.4134, -0.7283 -0.1476 0.1378, -0.6496 -0.1476 0.1378, -0.7283 -0.0886 0.0787, -0.6496 -0.0886 0.0787, -0.7283 0.1083 0.0787, -0.6496 0.1083 0.0787, -0.6496 0.1185 0.0774, -0.7283 0.1185 0.0774, -0.6496 0.128 0.0735, -0.7283 0.128 0.0735, -0.6496 0.1361 0.0672, -0.7283 0.1361 0.0672, -0.6496 0.1424 0.0591, -0.7283 0.1424 0.0591, -0.6496 0.1463 0.0496, -0.7283 0.1463 0.0496, -0.6496 0.1476 0.0394, -0.7283 0.1476 0.0394, -0.7283 0.1476 0.0, -0.6496 0.1476 0.0, -0.7283 -0.128 0.0, -0.6496 -0.128 0.0, -0.6496 -0.1323 0.0005, -0.7283 -0.1323 0.0005, -0.6496 -0.1365 0.0019, -0.7283 -0.1365 0.0019, -0.6496 -0.1402 0.0043, -0.7283 -0.1402 0.0043, -0.6496 -0.1433 0.0074, -0.7283 -0.1433 0.0074, -0.6496 -0.1457 0.0111, -0.7283 -0.1457 0.0111, -0.6496 -0.1471 0.0153, -0.7283 -0.1471 0.0153, -0.5315 -0.1476 0.0236, -0.5315 -0.1476 0.0197, -0.4528 -0.1476 0.0236, -0.4528 -0.1476 0.0197, -0.5315 -0.148 0.0271, -0.4528 -0.148 0.0271, -0.5315 -0.1492 0.0305, -0.4528 -0.1492 0.0305, -0.5315 -0.1511 0.0334, -0.4528 -0.1511 0.0334, -0.5315 -0.1536 0.0359, -0.4528 -0.1536 0.0359, -0.5315 -0.1566 0.0378, -0.4528 -0.1566 0.0378, -0.5315 -0.1599 0.039, -0.4528 -0.1599 0.039, -0.5315 -0.1634 0.0394, -0.4528 -0.1634 0.0394, -0.5315 -0.2264 0.0394, -0.4528 -0.2264 0.0394, -0.5315 -0.2264 0.1181, -0.4528 -0.2264 0.1181, -0.5315 -1.7224 0.1181, -0.4528 -1.7224 0.1181, -0.4528 -1.7318 0.1192, -0.5315 -1.7318 0.1192, -0.4528 -1.7406 0.1225, -0.5315 -1.7406 0.1225, -0.4528 -1.7484 0.1279, -0.5315 -1.7484 0.1279, -0.4528 -1.7547 0.1349, -0.5315 -1.7547 0.1349, -0.4528 -1.7591 0.1432, -0.5315 -1.7591 0.1432, -0.4528 -1.7615 0.1523, -0.5315 -1.7615 0.1523, -0.4528 -1.7616 0.1617, -0.5315 -1.7616 0.1617, -0.4528 -1.7595 0.1709, -0.5315 -1.7595 0.1709, -0.4528 -1.7552 0.1793, -0.5315 -1.7552 0.1793, -0.4528 -1.7491 0.1864, -0.5315 -1.7491 0.1864, -0.5315 -1.631 0.2953, -0.4528 -1.631 0.2953, -0.5315 -1.631 0.2165, -0.4528 -1.631 0.2165, -0.5315 -0.5369 0.2165, -0.4528 -0.5369 0.2165, -0.5315 -0.5369 0.1969, -0.4528 -0.5369 0.1969, -0.5315 -0.2461 0.1969, -0.4528 -0.2461 0.1969, -0.5315 -0.2461 0.6521, -0.4528 -0.2461 0.6521, -0.5315 -0.8942 0.6521, -0.4528 -0.8942 0.6521, -0.5315 -0.941 0.5709, -0.4528 -0.941 0.5709, -0.5315 -1.3615 0.6503, -0.4528 -1.3615 0.6503, -0.4528 -1.3707 0.6532, -0.5315 -1.3707 0.6532, -0.4528 -1.3789 0.6583, -0.5315 -1.3789 0.6583, -0.4528 -1.3856 0.6653, -0.5315 -1.3856 0.6653, -0.4528 -1.3904 0.6737, -0.5315 -1.3904 0.6737, -0.4528 -1.3931 0.683, -0.5315 -1.3931 0.683, -0.4528 -1.3933 0.6926, -0.5315 -1.3933 0.6926, -0.4528 -1.3913 0.7021, -0.5315 -1.3913 0.7021, -0.4528 -1.3869 0.7107, -0.5315 -1.3869 0.7107, -0.4528 -1.3807 0.7181, -0.5315 -1.3807 0.7181, -0.4528 -1.3728 0.7237, -0.5315 -1.3728 0.7237, -0.4528 -1.3637 0.7272, -0.5315 -1.3637 0.7272, -0.4528 -1.3541 0.7283, -0.5315 -1.3541 0.7283, -0.5315 -0.1476 0.7283, -0.4528 -0.1476 0.7283, -0.5315 -0.1476 0.5315, -0.4528 -0.1476 0.5315, -0.5315 -0.128 0.5315, -0.4528 -0.128 0.5315, -0.5315 -0.128 0.4134, -0.4528 -0.128 0.4134, -0.5315 -0.1476 0.4134, -0.4528 -0.1476 0.4134, -0.5315 -0.1476 0.1378, -0.4528 -0.1476 0.1378, -0.5315 -0.0886 0.0787, -0.4528 -0.0886 0.0787, -0.5315 0.1083 0.0787, -0.4528 0.1083 0.0787, -0.4528 0.1185 0.0774, -0.5315 0.1185 0.0774, -0.4528 0.128 0.0735, -0.5315 0.128 0.0735, -0.4528 0.1361 0.0672, -0.5315 0.1361 0.0672, -0.4528 0.1424 0.0591, -0.5315 0.1424 0.0591, -0.4528 0.1463 0.0496, -0.5315 0.1463 0.0496, -0.4528 0.1476 0.0394, -0.5315 0.1476 0.0394, -0.5315 0.1476 0.0, -0.4528 0.1476 0.0, -0.5315 -0.128 0.0, -0.4528 -0.128 0.0, -0.4528 -0.1323 0.0005, -0.5315 -0.1323 0.0005, -0.4528 -0.1365 0.0019, -0.5315 -0.1365 0.0019, -0.4528 -0.1402 0.0043, -0.5315 -0.1402 0.0043, -0.4528 -0.1433 0.0074, -0.5315 -0.1433 0.0074, -0.4528 -0.1457 0.0111, -0.5315 -0.1457 0.0111, -0.4528 -0.1471 0.0153, -0.5315 -0.1471 0.0153, -0.3346 -0.1476 0.0236, -0.3346 -0.1476 0.0197, -0.2559 -0.1476 0.0236, -0.2559 -0.1476 0.0197, -0.3346 -0.148 0.0271, -0.2559 -0.148 0.0271, -0.3346 -0.1492 0.0305, -0.2559 -0.1492 0.0305, -0.3346 -0.1511 0.0334, -0.2559 -0.1511 0.0334, -0.3346 -0.1536 0.0359, -0.2559 -0.1536 0.0359, -0.3346 -0.1566 0.0378, -0.2559 -0.1566 0.0378, -0.3346 -0.1599 0.039, -0.2559 -0.1599 0.039, -0.3346 -0.1634 0.0394, -0.2559 -0.1634 0.0394, -0.3346 -0.2264 0.0394, -0.2559 -0.2264 0.0394, -0.3346 -0.2264 0.1181, -0.2559 -0.2264 0.1181, -0.3346 -1.7224 0.1181, -0.2559 -1.7224 0.1181, -0.2559 -1.7318 0.1192, -0.3346 -1.7318 0.1192, -0.2559 -1.7406 0.1225, -0.3346 -1.7406 0.1225, -0.2559 -1.7484 0.1279, -0.3346 -1.7484 0.1279, -0.2559 -1.7547 0.1349, -0.3346 -1.7547 0.1349, -0.2559 -1.7591 0.1432, -0.3346 -1.7591 0.1432, -0.2559 -1.7615 0.1523, -0.3346 -1.7615 0.1523, -0.2559 -1.7616 0.1617, -0.3346 -1.7616 0.1617, -0.2559 -1.7595 0.1709, -0.3346 -1.7595 0.1709, -0.2559 -1.7552 0.1793, -0.3346 -1.7552 0.1793, -0.2559 -1.7491 0.1864, -0.3346 -1.7491 0.1864, -0.3346 -1.631 0.2953, -0.2559 -1.631 0.2953, -0.3346 -1.631 0.2165, -0.2559 -1.631 0.2165, -0.3346 -0.5369 0.2165, -0.2559 -0.5369 0.2165, -0.3346 -0.5369 0.1969, -0.2559 -0.5369 0.1969, -0.3346 -0.2461 0.1969, -0.2559 -0.2461 0.1969, -0.3346 -0.2461 0.6521, -0.2559 -0.2461 0.6521, -0.3346 -0.8942 0.6521, -0.2559 -0.8942 0.6521, -0.3346 -0.941 0.5709, -0.2559 -0.941 0.5709, -0.3346 -1.3615 0.6503, -0.2559 -1.3615 0.6503, -0.2559 -1.3707 0.6532, -0.3346 -1.3707 0.6532, -0.2559 -1.3789 0.6583, -0.3346 -1.3789 0.6583, -0.2559 -1.3856 0.6653, -0.3346 -1.3856 0.6653, -0.2559 -1.3904 0.6737, -0.3346 -1.3904 0.6737, -0.2559 -1.3931 0.683, -0.3346 -1.3931 0.683, -0.2559 -1.3933 0.6926, -0.3346 -1.3933 0.6926, -0.2559 -1.3913 0.7021, -0.3346 -1.3913 0.7021, -0.2559 -1.3869 0.7107, -0.3346 -1.3869 0.7107, -0.2559 -1.3807 0.7181, -0.3346 -1.3807 0.7181, -0.2559 -1.3728 0.7237, -0.3346 -1.3728 0.7237, -0.2559 -1.3637 0.7272, -0.3346 -1.3637 0.7272, -0.2559 -1.3541 0.7283, -0.3346 -1.3541 0.7283, -0.3346 -0.1476 0.7283, -0.2559 -0.1476 0.7283, -0.3346 -0.1476 0.5315, -0.2559 -0.1476 0.5315, -0.3346 -0.128 0.5315, -0.2559 -0.128 0.5315, -0.3346 -0.128 0.4134, -0.2559 -0.128 0.4134, -0.3346 -0.1476 0.4134, -0.2559 -0.1476 0.4134, -0.3346 -0.1476 0.1378, -0.2559 -0.1476 0.1378, -0.3346 -0.0886 0.0787, -0.2559 -0.0886 0.0787, -0.3346 0.1083 0.0787, -0.2559 0.1083 0.0787, -0.2559 0.1185 0.0774, -0.3346 0.1185 0.0774, -0.2559 0.128 0.0735, -0.3346 0.128 0.0735, -0.2559 0.1361 0.0672, -0.3346 0.1361 0.0672, -0.2559 0.1424 0.0591, -0.3346 0.1424 0.0591, -0.2559 0.1463 0.0496, -0.3346 0.1463 0.0496, -0.2559 0.1476 0.0394, -0.3346 0.1476 0.0394, -0.3346 0.1476 0.0, -0.2559 0.1476 0.0, -0.3346 -0.128 0.0, -0.2559 -0.128 0.0, -0.2559 -0.1323 0.0005, -0.3346 -0.1323 0.0005, -0.2559 -0.1365 0.0019, -0.3346 -0.1365 0.0019, -0.2559 -0.1402 0.0043, -0.3346 -0.1402 0.0043, -0.2559 -0.1433 0.0074, -0.3346 -0.1433 0.0074, -0.2559 -0.1457 0.0111, -0.3346 -0.1457 0.0111, -0.2559 -0.1471 0.0153, -0.3346 -0.1471 0.0153, -0.1378 -0.1476 0.0236, -0.1378 -0.1476 0.0197, -0.0591 -0.1476 0.0236, -0.0591 -0.1476 0.0197, -0.1378 -0.148 0.0271, -0.0591 -0.148 0.0271, -0.1378 -0.1492 0.0305, -0.0591 -0.1492 0.0305, -0.1378 -0.1511 0.0334, -0.0591 -0.1511 0.0334, -0.1378 -0.1536 0.0359, -0.0591 -0.1536 0.0359, -0.1378 -0.1566 0.0378, -0.0591 -0.1566 0.0378, -0.1378 -0.1599 0.039, -0.0591 -0.1599 0.039, -0.1378 -0.1634 0.0394, -0.0591 -0.1634 0.0394, -0.1378 -0.2264 0.0394, -0.0591 -0.2264 0.0394, -0.1378 -0.2264 0.1181, -0.0591 -0.2264 0.1181, -0.1378 -1.7224 0.1181, -0.0591 -1.7224 0.1181, -0.0591 -1.7318 0.1192, -0.1378 -1.7318 0.1192, -0.0591 -1.7406 0.1225, -0.1378 -1.7406 0.1225, -0.0591 -1.7484 0.1279, -0.1378 -1.7484 0.1279, -0.0591 -1.7547 0.1349, -0.1378 -1.7547 0.1349, -0.0591 -1.7591 0.1432, -0.1378 -1.7591 0.1432, -0.0591 -1.7615 0.1523, -0.1378 -1.7615 0.1523, -0.0591 -1.7616 0.1617, -0.1378 -1.7616 0.1617, -0.0591 -1.7595 0.1709, -0.1378 -1.7595 0.1709, -0.0591 -1.7552 0.1793, -0.1378 -1.7552 0.1793, -0.0591 -1.7491 0.1864, -0.1378 -1.7491 0.1864, -0.1378 -1.631 0.2953, -0.0591 -1.631 0.2953, -0.1378 -1.631 0.2165, -0.0591 -1.631 0.2165, -0.1378 -0.5369 0.2165, -0.0591 -0.5369 0.2165, -0.1378 -0.5369 0.1969, -0.0591 -0.5369 0.1969, -0.1378 -0.2461 0.1969, -0.0591 -0.2461 0.1969, -0.1378 -0.2461 0.6521, -0.0591 -0.2461 0.6521, -0.1378 -0.8942 0.6521, -0.0591 -0.8942 0.6521, -0.1378 -0.941 0.5709, -0.0591 -0.941 0.5709, -0.1378 -1.3615 0.6503, -0.0591 -1.3615 0.6503, -0.0591 -1.3707 0.6532, -0.1378 -1.3707 0.6532, -0.0591 -1.3789 0.6583, -0.1378 -1.3789 0.6583, -0.0591 -1.3856 0.6653, -0.1378 -1.3856 0.6653, -0.0591 -1.3904 0.6737, -0.1378 -1.3904 0.6737, -0.0591 -1.3931 0.683, -0.1378 -1.3931 0.683, -0.0591 -1.3933 0.6926, -0.1378 -1.3933 0.6926, -0.0591 -1.3913 0.7021, -0.1378 -1.3913 0.7021, -0.0591 -1.3869 0.7107, -0.1378 -1.3869 0.7107, -0.0591 -1.3807 0.7181, -0.1378 -1.3807 0.7181, -0.0591 -1.3728 0.7237, -0.1378 -1.3728 0.7237, -0.0591 -1.3637 0.7272, -0.1378 -1.3637 0.7272, -0.0591 -1.3541 0.7283, -0.1378 -1.3541 0.7283, -0.1378 -0.1476 0.7283, -0.0591 -0.1476 0.7283, -0.1378 -0.1476 0.5315, -0.0591 -0.1476 0.5315, -0.1378 -0.128 0.5315, -0.0591 -0.128 0.5315, -0.1378 -0.128 0.4134, -0.0591 -0.128 0.4134, -0.1378 -0.1476 0.4134, -0.0591 -0.1476 0.4134, -0.1378 -0.1476 0.1378, -0.0591 -0.1476 0.1378, -0.1378 -0.0886 0.0787, -0.0591 -0.0886 0.0787, -0.1378 0.1083 0.0787, -0.0591 0.1083 0.0787, -0.0591 0.1185 0.0774, -0.1378 0.1185 0.0774, -0.0591 0.128 0.0735, -0.1378 0.128 0.0735, -0.0591 0.1361 0.0672, -0.1378 0.1361 0.0672, -0.0591 0.1424 0.0591, -0.1378 0.1424 0.0591, -0.0591 0.1463 0.0496, -0.1378 0.1463 0.0496, -0.0591 0.1476 0.0394, -0.1378 0.1476 0.0394, -0.1378 0.1476 0.0, -0.0591 0.1476 0.0, -0.1378 -0.128 0.0, -0.0591 -0.128 0.0, -0.0591 -0.1323 0.0005, -0.1378 -0.1323 0.0005, -0.0591 -0.1365 0.0019, -0.1378 -0.1365 0.0019, -0.0591 -0.1402 0.0043, -0.1378 -0.1402 0.0043, -0.0591 -0.1433 0.0074, -0.1378 -0.1433 0.0074, -0.0591 -0.1457 0.0111, -0.1378 -0.1457 0.0111, -0.0591 -0.1471 0.0153, -0.1378 -0.1471 0.0153, 0.0591 -0.1476 0.0236, 0.0591 -0.1476 0.0197, 0.1378 -0.1476 0.0236, 0.1378 -0.1476 0.0197, 0.0591 -0.148 0.0271, 0.1378 -0.148 0.0271, 0.0591 -0.1492 0.0305, 0.1378 -0.1492 0.0305, 0.0591 -0.1511 0.0334, 0.1378 -0.1511 0.0334, 0.0591 -0.1536 0.0359, 0.1378 -0.1536 0.0359, 0.0591 -0.1566 0.0378, 0.1378 -0.1566 0.0378, 0.0591 -0.1599 0.039, 0.1378 -0.1599 0.039, 0.0591 -0.1634 0.0394, 0.1378 -0.1634 0.0394, 0.0591 -0.2264 0.0394, 0.1378 -0.2264 0.0394, 0.0591 -0.2264 0.1181, 0.1378 -0.2264 0.1181, 0.0591 -1.7224 0.1181, 0.1378 -1.7224 0.1181, 0.1378 -1.7318 0.1192, 0.0591 -1.7318 0.1192, 0.1378 -1.7406 0.1225, 0.0591 -1.7406 0.1225, 0.1378 -1.7484 0.1279, 0.0591 -1.7484 0.1279, 0.1378 -1.7547 0.1349, 0.0591 -1.7547 0.1349, 0.1378 -1.7591 0.1432, 0.0591 -1.7591 0.1432, 0.1378 -1.7615 0.1523, 0.0591 -1.7615 0.1523, 0.1378 -1.7616 0.1617, 0.0591 -1.7616 0.1617, 0.1378 -1.7595 0.1709, 0.0591 -1.7595 0.1709, 0.1378 -1.7552 0.1793, 0.0591 -1.7552 0.1793, 0.1378 -1.7491 0.1864, 0.0591 -1.7491 0.1864, 0.0591 -1.631 0.2953, 0.1378 -1.631 0.2953, 0.0591 -1.631 0.2165, 0.1378 -1.631 0.2165, 0.0591 -0.5369 0.2165, 0.1378 -0.5369 0.2165, 0.0591 -0.5369 0.1969, 0.1378 -0.5369 0.1969, 0.0591 -0.2461 0.1969, 0.1378 -0.2461 0.1969, 0.0591 -0.2461 0.6521, 0.1378 -0.2461 0.6521, 0.0591 -0.8942 0.6521, 0.1378 -0.8942 0.6521, 0.0591 -0.941 0.5709, 0.1378 -0.941 0.5709, 0.0591 -1.3615 0.6503, 0.1378 -1.3615 0.6503, 0.1378 -1.3707 0.6532, 0.0591 -1.3707 0.6532, 0.1378 -1.3789 0.6583, 0.0591 -1.3789 0.6583, 0.1378 -1.3856 0.6653, 0.0591 -1.3856 0.6653, 0.1378 -1.3904 0.6737, 0.0591 -1.3904 0.6737, 0.1378 -1.3931 0.683, 0.0591 -1.3931 0.683, 0.1378 -1.3933 0.6926, 0.0591 -1.3933 0.6926, 0.1378 -1.3913 0.7021, 0.0591 -1.3913 0.7021, 0.1378 -1.3869 0.7107, 0.0591 -1.3869 0.7107, 0.1378 -1.3807 0.7181, 0.0591 -1.3807 0.7181, 0.1378 -1.3728 0.7237, 0.0591 -1.3728 0.7237, 0.1378 -1.3637 0.7272, 0.0591 -1.3637 0.7272, 0.1378 -1.3541 0.7283, 0.0591 -1.3541 0.7283, 0.0591 -0.1476 0.7283, 0.1378 -0.1476 0.7283, 0.0591 -0.1476 0.5315, 0.1378 -0.1476 0.5315, 0.0591 -0.128 0.5315, 0.1378 -0.128 0.5315, 0.0591 -0.128 0.4134, 0.1378 -0.128 0.4134, 0.0591 -0.1476 0.4134, 0.1378 -0.1476 0.4134, 0.0591 -0.1476 0.1378, 0.1378 -0.1476 0.1378, 0.0591 -0.0886 0.0787, 0.1378 -0.0886 0.0787, 0.0591 0.1083 0.0787, 0.1378 0.1083 0.0787, 0.1378 0.1185 0.0774, 0.0591 0.1185 0.0774, 0.1378 0.128 0.0735, 0.0591 0.128 0.0735, 0.1378 0.1361 0.0672, 0.0591 0.1361 0.0672, 0.1378 0.1424 0.0591, 0.0591 0.1424 0.0591, 0.1378 0.1463 0.0496, 0.0591 0.1463 0.0496, 0.1378 0.1476 0.0394, 0.0591 0.1476 0.0394, 0.0591 0.1476 0.0, 0.1378 0.1476 0.0, 0.0591 -0.128 0.0, 0.1378 -0.128 0.0, 0.1378 -0.1323 0.0005, 0.0591 -0.1323 0.0005, 0.1378 -0.1365 0.0019, 0.0591 -0.1365 0.0019, 0.1378 -0.1402 0.0043, 0.0591 -0.1402 0.0043, 0.1378 -0.1433 0.0074, 0.0591 -0.1433 0.0074, 0.1378 -0.1457 0.0111, 0.0591 -0.1457 0.0111, 0.1378 -0.1471 0.0153, 0.0591 -0.1471 0.0153, 0.2559 -0.1476 0.0236, 0.2559 -0.1476 0.0197, 0.3346 -0.1476 0.0236, 0.3346 -0.1476 0.0197, 0.2559 -0.148 0.0271, 0.3346 -0.148 0.0271, 0.2559 -0.1492 0.0305, 0.3346 -0.1492 0.0305, 0.2559 -0.1511 0.0334, 0.3346 -0.1511 0.0334, 0.2559 -0.1536 0.0359, 0.3346 -0.1536 0.0359, 0.2559 -0.1566 0.0378, 0.3346 -0.1566 0.0378, 0.2559 -0.1599 0.039, 0.3346 -0.1599 0.039, 0.2559 -0.1634 0.0394, 0.3346 -0.1634 0.0394, 0.2559 -0.2264 0.0394, 0.3346 -0.2264 0.0394, 0.2559 -0.2264 0.1181, 0.3346 -0.2264 0.1181, 0.2559 -1.7224 0.1181, 0.3346 -1.7224 0.1181, 0.3346 -1.7318 0.1192, 0.2559 -1.7318 0.1192, 0.3346 -1.7406 0.1225, 0.2559 -1.7406 0.1225, 0.3346 -1.7484 0.1279, 0.2559 -1.7484 0.1279, 0.3346 -1.7547 0.1349, 0.2559 -1.7547 0.1349, 0.3346 -1.7591 0.1432, 0.2559 -1.7591 0.1432, 0.3346 -1.7615 0.1523, 0.2559 -1.7615 0.1523, 0.3346 -1.7616 0.1617, 0.2559 -1.7616 0.1617, 0.3346 -1.7595 0.1709, 0.2559 -1.7595 0.1709, 0.3346 -1.7552 0.1793, 0.2559 -1.7552 0.1793, 0.3346 -1.7491 0.1864, 0.2559 -1.7491 0.1864, 0.2559 -1.631 0.2953, 0.3346 -1.631 0.2953, 0.2559 -1.631 0.2165, 0.3346 -1.631 0.2165, 0.2559 -0.5369 0.2165, 0.3346 -0.5369 0.2165, 0.2559 -0.5369 0.1969, 0.3346 -0.5369 0.1969, 0.2559 -0.2461 0.1969, 0.3346 -0.2461 0.1969, 0.2559 -0.2461 0.6521, 0.3346 -0.2461 0.6521, 0.2559 -0.8942 0.6521, 0.3346 -0.8942 0.6521, 0.2559 -0.941 0.5709, 0.3346 -0.941 0.5709, 0.2559 -1.3615 0.6503, 0.3346 -1.3615 0.6503, 0.3346 -1.3707 0.6532, 0.2559 -1.3707 0.6532, 0.3346 -1.3789 0.6583, 0.2559 -1.3789 0.6583, 0.3346 -1.3856 0.6653, 0.2559 -1.3856 0.6653, 0.3346 -1.3904 0.6737, 0.2559 -1.3904 0.6737, 0.3346 -1.3931 0.683, 0.2559 -1.3931 0.683, 0.3346 -1.3933 0.6926, 0.2559 -1.3933 0.6926, 0.3346 -1.3913 0.7021, 0.2559 -1.3913 0.7021, 0.3346 -1.3869 0.7107, 0.2559 -1.3869 0.7107, 0.3346 -1.3807 0.7181, 0.2559 -1.3807 0.7181, 0.3346 -1.3728 0.7237, 0.2559 -1.3728 0.7237, 0.3346 -1.3637 0.7272, 0.2559 -1.3637 0.7272, 0.3346 -1.3541 0.7283, 0.2559 -1.3541 0.7283, 0.2559 -0.1476 0.7283, 0.3346 -0.1476 0.7283, 0.2559 -0.1476 0.5315, 0.3346 -0.1476 0.5315, 0.2559 -0.128 0.5315, 0.3346 -0.128 0.5315, 0.2559 -0.128 0.4134, 0.3346 -0.128 0.4134, 0.2559 -0.1476 0.4134, 0.3346 -0.1476 0.4134, 0.2559 -0.1476 0.1378, 0.3346 -0.1476 0.1378, 0.2559 -0.0886 0.0787, 0.3346 -0.0886 0.0787, 0.2559 0.1083 0.0787, 0.3346 0.1083 0.0787, 0.3346 0.1185 0.0774, 0.2559 0.1185 0.0774, 0.3346 0.128 0.0735, 0.2559 0.128 0.0735, 0.3346 0.1361 0.0672, 0.2559 0.1361 0.0672, 0.3346 0.1424 0.0591, 0.2559 0.1424 0.0591, 0.3346 0.1463 0.0496, 0.2559 0.1463 0.0496, 0.3346 0.1476 0.0394, 0.2559 0.1476 0.0394, 0.2559 0.1476 0.0, 0.3346 0.1476 0.0, 0.2559 -0.128 0.0, 0.3346 -0.128 0.0, 0.3346 -0.1323 0.0005, 0.2559 -0.1323 0.0005, 0.3346 -0.1365 0.0019, 0.2559 -0.1365 0.0019, 0.3346 -0.1402 0.0043, 0.2559 -0.1402 0.0043, 0.3346 -0.1433 0.0074, 0.2559 -0.1433 0.0074, 0.3346 -0.1457 0.0111, 0.2559 -0.1457 0.0111, 0.3346 -0.1471 0.0153, 0.2559 -0.1471 0.0153, 0.4528 -0.1476 0.0236, 0.4528 -0.1476 0.0197, 0.5315 -0.1476 0.0236, 0.5315 -0.1476 0.0197, 0.4528 -0.148 0.0271, 0.5315 -0.148 0.0271, 0.4528 -0.1492 0.0305, 0.5315 -0.1492 0.0305, 0.4528 -0.1511 0.0334, 0.5315 -0.1511 0.0334, 0.4528 -0.1536 0.0359, 0.5315 -0.1536 0.0359, 0.4528 -0.1566 0.0378, 0.5315 -0.1566 0.0378, 0.4528 -0.1599 0.039, 0.5315 -0.1599 0.039, 0.4528 -0.1634 0.0394, 0.5315 -0.1634 0.0394, 0.4528 -0.2264 0.0394, 0.5315 -0.2264 0.0394, 0.4528 -0.2264 0.1181, 0.5315 -0.2264 0.1181, 0.4528 -1.7224 0.1181, 0.5315 -1.7224 0.1181, 0.5315 -1.7318 0.1192, 0.4528 -1.7318 0.1192, 0.5315 -1.7406 0.1225, 0.4528 -1.7406 0.1225, 0.5315 -1.7484 0.1279, 0.4528 -1.7484 0.1279, 0.5315 -1.7547 0.1349, 0.4528 -1.7547 0.1349, 0.5315 -1.7591 0.1432, 0.4528 -1.7591 0.1432, 0.5315 -1.7615 0.1523, 0.4528 -1.7615 0.1523, 0.5315 -1.7616 0.1617, 0.4528 -1.7616 0.1617, 0.5315 -1.7595 0.1709, 0.4528 -1.7595 0.1709, 0.5315 -1.7552 0.1793, 0.4528 -1.7552 0.1793, 0.5315 -1.7491 0.1864, 0.4528 -1.7491 0.1864, 0.4528 -1.631 0.2953, 0.5315 -1.631 0.2953, 0.4528 -1.631 0.2165, 0.5315 -1.631 0.2165, 0.4528 -0.5369 0.2165, 0.5315 -0.5369 0.2165, 0.4528 -0.5369 0.1969, 0.5315 -0.5369 0.1969, 0.4528 -0.2461 0.1969, 0.5315 -0.2461 0.1969, 0.4528 -0.2461 0.6521, 0.5315 -0.2461 0.6521, 0.4528 -0.8942 0.6521, 0.5315 -0.8942 0.6521, 0.4528 -0.941 0.5709, 0.5315 -0.941 0.5709, 0.4528 -1.3615 0.6503, 0.5315 -1.3615 0.6503, 0.5315 -1.3707 0.6532, 0.4528 -1.3707 0.6532, 0.5315 -1.3789 0.6583, 0.4528 -1.3789 0.6583, 0.5315 -1.3856 0.6653, 0.4528 -1.3856 0.6653, 0.5315 -1.3904 0.6737, 0.4528 -1.3904 0.6737, 0.5315 -1.3931 0.683, 0.4528 -1.3931 0.683, 0.5315 -1.3933 0.6926, 0.4528 -1.3933 0.6926, 0.5315 -1.3913 0.7021, 0.4528 -1.3913 0.7021, 0.5315 -1.3869 0.7107, 0.4528 -1.3869 0.7107, 0.5315 -1.3807 0.7181, 0.4528 -1.3807 0.7181, 0.5315 -1.3728 0.7237, 0.4528 -1.3728 0.7237, 0.5315 -1.3637 0.7272, 0.4528 -1.3637 0.7272, 0.5315 -1.3541 0.7283, 0.4528 -1.3541 0.7283, 0.4528 -0.1476 0.7283, 0.5315 -0.1476 0.7283, 0.4528 -0.1476 0.5315, 0.5315 -0.1476 0.5315, 0.4528 -0.128 0.5315, 0.5315 -0.128 0.5315, 0.4528 -0.128 0.4134, 0.5315 -0.128 0.4134, 0.4528 -0.1476 0.4134, 0.5315 -0.1476 0.4134, 0.4528 -0.1476 0.1378, 0.5315 -0.1476 0.1378, 0.4528 -0.0886 0.0787, 0.5315 -0.0886 0.0787, 0.4528 0.1083 0.0787, 0.5315 0.1083 0.0787, 0.5315 0.1185 0.0774, 0.4528 0.1185 0.0774, 0.5315 0.128 0.0735, 0.4528 0.128 0.0735, 0.5315 0.1361 0.0672, 0.4528 0.1361 0.0672, 0.5315 0.1424 0.0591, 0.4528 0.1424 0.0591, 0.5315 0.1463 0.0496, 0.4528 0.1463 0.0496, 0.5315 0.1476 0.0394, 0.4528 0.1476 0.0394, 0.4528 0.1476 0.0, 0.5315 0.1476 0.0, 0.4528 -0.128 0.0, 0.5315 -0.128 0.0, 0.5315 -0.1323 0.0005, 0.4528 -0.1323 0.0005, 0.5315 -0.1365 0.0019, 0.4528 -0.1365 0.0019, 0.5315 -0.1402 0.0043, 0.4528 -0.1402 0.0043, 0.5315 -0.1433 0.0074, 0.4528 -0.1433 0.0074, 0.5315 -0.1457 0.0111, 0.4528 -0.1457 0.0111, 0.5315 -0.1471 0.0153, 0.4528 -0.1471 0.0153, 0.6496 -0.1476 0.0236, 0.6496 -0.1476 0.0197, 0.7283 -0.1476 0.0236, 0.7283 -0.1476 0.0197, 0.6496 -0.148 0.0271, 0.7283 -0.148 0.0271, 0.6496 -0.1492 0.0305, 0.7283 -0.1492 0.0305, 0.6496 -0.1511 0.0334, 0.7283 -0.1511 0.0334, 0.6496 -0.1536 0.0359, 0.7283 -0.1536 0.0359, 0.6496 -0.1566 0.0378, 0.7283 -0.1566 0.0378, 0.6496 -0.1599 0.039, 0.7283 -0.1599 0.039, 0.6496 -0.1634 0.0394, 0.7283 -0.1634 0.0394, 0.6496 -0.2264 0.0394, 0.7283 -0.2264 0.0394, 0.6496 -0.2264 0.1181, 0.7283 -0.2264 0.1181, 0.6496 -1.7224 0.1181, 0.7283 -1.7224 0.1181, 0.7283 -1.7318 0.1192, 0.6496 -1.7318 0.1192, 0.7283 -1.7406 0.1225, 0.6496 -1.7406 0.1225, 0.7283 -1.7484 0.1279, 0.6496 -1.7484 0.1279, 0.7283 -1.7547 0.1349, 0.6496 -1.7547 0.1349, 0.7283 -1.7591 0.1432, 0.6496 -1.7591 0.1432, 0.7283 -1.7615 0.1523, 0.6496 -1.7615 0.1523, 0.7283 -1.7616 0.1617, 0.6496 -1.7616 0.1617, 0.7283 -1.7595 0.1709, 0.6496 -1.7595 0.1709, 0.7283 -1.7552 0.1793, 0.6496 -1.7552 0.1793, 0.7283 -1.7491 0.1864, 0.6496 -1.7491 0.1864, 0.6496 -1.631 0.2953, 0.7283 -1.631 0.2953, 0.6496 -1.631 0.2165, 0.7283 -1.631 0.2165, 0.6496 -0.5369 0.2165, 0.7283 -0.5369 0.2165, 0.6496 -0.5369 0.1969, 0.7283 -0.5369 0.1969, 0.6496 -0.2461 0.1969, 0.7283 -0.2461 0.1969, 0.6496 -0.2461 0.6521, 0.7283 -0.2461 0.6521, 0.6496 -0.8942 0.6521, 0.7283 -0.8942 0.6521, 0.6496 -0.941 0.5709, 0.7283 -0.941 0.5709, 0.6496 -1.3615 0.6503, 0.7283 -1.3615 0.6503, 0.7283 -1.3707 0.6532, 0.6496 -1.3707 0.6532, 0.7283 -1.3789 0.6583, 0.6496 -1.3789 0.6583, 0.7283 -1.3856 0.6653, 0.6496 -1.3856 0.6653, 0.7283 -1.3904 0.6737, 0.6496 -1.3904 0.6737, 0.7283 -1.3931 0.683, 0.6496 -1.3931 0.683, 0.7283 -1.3933 0.6926, 0.6496 -1.3933 0.6926, 0.7283 -1.3913 0.7021, 0.6496 -1.3913 0.7021, 0.7283 -1.3869 0.7107, 0.6496 -1.3869 0.7107, 0.7283 -1.3807 0.7181, 0.6496 -1.3807 0.7181, 0.7283 -1.3728 0.7237, 0.6496 -1.3728 0.7237, 0.7283 -1.3637 0.7272, 0.6496 -1.3637 0.7272, 0.7283 -1.3541 0.7283, 0.6496 -1.3541 0.7283, 0.6496 -0.1476 0.7283, 0.7283 -0.1476 0.7283, 0.6496 -0.1476 0.5315, 0.7283 -0.1476 0.5315, 0.6496 -0.128 0.5315, 0.7283 -0.128 0.5315, 0.6496 -0.128 0.4134, 0.7283 -0.128 0.4134, 0.6496 -0.1476 0.4134, 0.7283 -0.1476 0.4134, 0.6496 -0.1476 0.1378, 0.7283 -0.1476 0.1378, 0.6496 -0.0886 0.0787, 0.7283 -0.0886 0.0787, 0.6496 0.1083 0.0787, 0.7283 0.1083 0.0787, 0.7283 0.1185 0.0774, 0.6496 0.1185 0.0774, 0.7283 0.128 0.0735, 0.6496 0.128 0.0735, 0.7283 0.1361 0.0672, 0.6496 0.1361 0.0672, 0.7283 0.1424 0.0591, 0.6496 0.1424 0.0591, 0.7283 0.1463 0.0496, 0.6496 0.1463 0.0496, 0.7283 0.1476 0.0394, 0.6496 0.1476 0.0394, 0.6496 0.1476 0.0, 0.7283 0.1476 0.0, 0.6496 -0.128 0.0, 0.7283 -0.128 0.0, 0.7283 -0.1323 0.0005, 0.6496 -0.1323 0.0005, 0.7283 -0.1365 0.0019, 0.6496 -0.1365 0.0019, 0.7283 -0.1402 0.0043, 0.6496 -0.1402 0.0043, 0.7283 -0.1433 0.0074, 0.6496 -0.1433 0.0074, 0.7283 -0.1457 0.0111, 0.6496 -0.1457 0.0111, 0.7283 -0.1471 0.0153, 0.6496 -0.1471 0.0153, 0.6496 -0.1471 0.0153
            ]
        }
        coordIndex [
            0,1,2,-1,2,1,3,-1,0,2,4,-1,4,2,5,-1,4,5,6,-1,6,5,7,-1,6,7,8,-1,8,7,9,-1,8,9,10,-1,10,9,11,-1,10,11,12,-1,12,11,13,-1,12,13,14,-1,14,13,15,-1,14,15,16,-1,16,15,17,-1,18,16,19,-1,19,16,17,-1,20,18,21,-1,21,18,19,-1,22,20,23,-1,23,20,21,-1,22,23,24,-1,22,24,25,-1,25,24,26,-1,25,26,27,-1,27,26,28,-1,27,28,29,-1,29,28,30,-1,29,30,31,-1,31,30,32,-1,31,32,33,-1,33,32,34,-1,33,34,35,-1,35,34,36,-1,35,36,37,-1,37,36,38,-1,37,38,39,-1,39,38,40,-1,39,40,41,-1,41,40,42,-1,41,42,43,-1,44,43,45,-1,45,43,42,-1,46,44,47,-1,47,44,45,-1,48,46,49,-1,49,46,47,-1,50,48,51,-1,51,48,49,-1,52,50,53,-1,53,50,51,-1,54,52,55,-1,55,52,53,-1,56,54,57,-1,57,54,55,-1,58,56,59,-1,59,56,57,-1,60,58,61,-1,61,58,59,-1,60,61,62,-1,60,62,63,-1,63,62,64,-1,63,64,65,-1,65,64,66,-1,65,66,67,-1,67,66,68,-1,67,68,69,-1,69,68,70,-1,69,70,71,-1,71,70,72,-1,71,72,73,-1,73,72,74,-1,73,74,75,-1,75,74,76,-1,75,76,77,-1,77,76,78,-1,77,78,79,-1,79,78,80,-1,79,80,81,-1,81,80,82,-1,81,82,83,-1,83,82,84,-1,83,84,85,-1,86,85,87,-1,87,85,84,-1,88,86,89,-1,89,86,87,-1,90,88,91,-1,91,88,89,-1,92,90,93,-1,93,90,91,-1,94,92,95,-1,95,92,93,-1,96,94,97,-1,97,94,95,-1,98,96,99,-1,99,96,97,-1,100,98,101,-1,101,98,99,-1,100,101,102,-1,100,102,103,-1,103,102,104,-1,103,104,105,-1,105,104,106,-1,105,106,107,-1,107,106,108,-1,107,108,109,-1,109,108,110,-1,109,110,111,-1,111,110,112,-1,111,112,113,-1,114,113,115,-1,115,113,112,-1,116,114,117,-1,117,114,115,-1,116,117,118,-1,116,118,119,-1,119,118,120,-1,119,120,121,-1,121,120,122,-1,121,122,123,-1,123,122,124,-1,123,124,125,-1,125,124,126,-1,125,126,127,-1,127,126,128,-1,127,128,129,-1,129,128,3,-1,129,3,1,-1,20,94,96,-1,43,44,46,-1,46,48,50,-1,4,6,98,-1,103,105,107,-1,4,98,0,-1,27,29,31,-1,58,85,56,-1,56,85,86,-1,56,86,54,-1,54,86,88,-1,54,88,52,-1,18,20,16,-1,16,20,96,-1,16,96,14,-1,103,107,100,-1,100,107,109,-1,100,109,111,-1,27,31,25,-1,25,31,33,-1,25,33,35,-1,35,37,25,-1,25,37,39,-1,25,39,41,-1,41,43,25,-1,25,43,46,-1,25,46,22,-1,22,46,50,-1,22,50,20,-1,20,50,52,-1,20,52,94,-1,94,52,88,-1,94,88,92,-1,92,88,90,-1,71,73,85,-1,6,8,98,-1,98,8,10,-1,98,10,96,-1,96,10,12,-1,96,12,14,-1,119,121,98,-1,58,60,85,-1,85,60,63,-1,85,63,65,-1,65,67,85,-1,85,67,69,-1,85,69,71,-1,79,73,77,-1,77,73,75,-1,79,81,73,-1,73,81,83,-1,73,83,85,-1,111,113,100,-1,100,113,114,-1,100,114,98,-1,98,114,116,-1,98,116,119,-1,121,123,98,-1,98,123,125,-1,98,125,127,-1,127,129,98,-1,98,129,1,-1,98,1,0,-1,95,55,97,-1,97,55,53,-1,97,53,99,-1,47,24,23,-1,93,91,95,-1,95,91,89,-1,95,89,55,-1,55,89,87,-1,55,87,57,-1,57,87,84,-1,117,115,112,-1,99,53,21,-1,21,53,51,-1,21,51,23,-1,23,51,49,-1,23,49,47,-1,21,19,17,-1,11,9,99,-1,11,99,13,-1,47,45,24,-1,24,45,42,-1,24,42,40,-1,40,38,24,-1,24,38,36,-1,24,36,34,-1,34,32,24,-1,24,32,30,-1,24,30,26,-1,26,30,28,-1,21,17,99,-1,99,17,15,-1,99,15,13,-1,70,84,72,-1,72,84,82,-1,72,82,80,-1,80,78,72,-1,72,78,76,-1,72,76,74,-1,70,68,84,-1,84,68,66,-1,84,66,64,-1,59,57,61,-1,61,57,84,-1,61,84,62,-1,62,84,64,-1,104,102,106,-1,106,102,101,-1,106,101,108,-1,108,101,110,-1,9,7,99,-1,99,7,5,-1,99,5,2,-1,2,3,99,-1,99,3,128,-1,99,128,126,-1,126,124,99,-1,99,124,122,-1,99,122,120,-1,120,118,99,-1,99,118,117,-1,99,117,101,-1,101,117,112,-1,101,112,110,-1,130,131,132,-1,132,131,133,-1,130,132,134,-1,134,132,135,-1,134,135,136,-1,136,135,137,-1,136,137,138,-1,138,137,139,-1,138,139,140,-1,140,139,141,-1,140,141,142,-1,142,141,143,-1,142,143,144,-1,144,143,145,-1,144,145,146,-1,146,145,147,-1,148,146,149,-1,149,146,147,-1,150,148,151,-1,151,148,149,-1,152,150,153,-1,153,150,151,-1,152,153,154,-1,152,154,155,-1,155,154,156,-1,155,156,157,-1,157,156,158,-1,157,158,159,-1,159,158,160,-1,159,160,161,-1,161,160,162,-1,161,162,163,-1,163,162,164,-1,163,164,165,-1,165,164,166,-1,165,166,167,-1,167,166,168,-1,167,168,169,-1,169,168,170,-1,169,170,171,-1,171,170,172,-1,171,172,173,-1,174,173,175,-1,175,173,172,-1,176,174,177,-1,177,174,175,-1,178,176,179,-1,179,176,177,-1,180,178,181,-1,181,178,179,-1,182,180,183,-1,183,180,181,-1,184,182,185,-1,185,182,183,-1,186,184,187,-1,187,184,185,-1,188,186,189,-1,189,186,187,-1,190,188,191,-1,191,188,189,-1,190,191,192,-1,190,192,193,-1,193,192,194,-1,193,194,195,-1,195,194,196,-1,195,196,197,-1,197,196,198,-1,197,198,199,-1,199,198,200,-1,199,200,201,-1,201,200,202,-1,201,202,203,-1,203,202,204,-1,203,204,205,-1,205,204,206,-1,205,206,207,-1,207,206,208,-1,207,208,209,-1,209,208,210,-1,209,210,211,-1,211,210,212,-1,211,212,213,-1,213,212,214,-1,213,214,215,-1,216,215,217,-1,217,215,214,-1,218,216,219,-1,219,216,217,-1,220,218,221,-1,221,218,219,-1,222,220,223,-1,223,220,221,-1,224,222,225,-1,225,222,223,-1,226,224,227,-1,227,224,225,-1,228,226,229,-1,229,226,227,-1,230,228,231,-1,231,228,229,-1,230,231,232,-1,230,232,233,-1,233,232,234,-1,233,234,235,-1,235,234,236,-1,235,236,237,-1,237,236,238,-1,237,238,239,-1,239,238,240,-1,239,240,241,-1,241,240,242,-1,241,242,243,-1,244,243,245,-1,245,243,242,-1,246,244,247,-1,247,244,245,-1,246,247,248,-1,246,248,249,-1,249,248,250,-1,249,250,251,-1,251,250,252,-1,251,252,253,-1,253,252,254,-1,253,254,255,-1,255,254,256,-1,255,256,257,-1,257,256,258,-1,257,258,259,-1,259,258,133,-1,259,133,131,-1,150,224,226,-1,173,174,176,-1,176,178,180,-1,134,136,228,-1,233,235,237,-1,134,228,130,-1,157,159,161,-1,188,215,186,-1,186,215,216,-1,186,216,184,-1,184,216,218,-1,184,218,182,-1,148,150,146,-1,146,150,226,-1,146,226,144,-1,233,237,230,-1,230,237,239,-1,230,239,241,-1,157,161,155,-1,155,161,163,-1,155,163,165,-1,165,167,155,-1,155,167,169,-1,155,169,171,-1,171,173,155,-1,155,173,176,-1,155,176,152,-1,152,176,180,-1,152,180,150,-1,150,180,182,-1,150,182,224,-1,224,182,218,-1,224,218,222,-1,222,218,220,-1,201,203,215,-1,136,138,228,-1,228,138,140,-1,228,140,226,-1,226,140,142,-1,226,142,144,-1,249,251,228,-1,188,190,215,-1,215,190,193,-1,215,193,195,-1,195,197,215,-1,215,197,199,-1,215,199,201,-1,209,203,207,-1,207,203,205,-1,209,211,203,-1,203,211,213,-1,203,213,215,-1,241,243,230,-1,230,243,244,-1,230,244,228,-1,228,244,246,-1,228,246,249,-1,251,253,228,-1,228,253,255,-1,228,255,257,-1,257,259,228,-1,228,259,131,-1,228,131,130,-1,225,185,227,-1,227,185,183,-1,227,183,229,-1,177,154,153,-1,223,221,225,-1,225,221,219,-1,225,219,185,-1,185,219,217,-1,185,217,187,-1,187,217,214,-1,247,245,242,-1,229,183,151,-1,151,183,181,-1,151,181,153,-1,153,181,179,-1,153,179,177,-1,151,149,147,-1,141,139,229,-1,141,229,143,-1,177,175,154,-1,154,175,172,-1,154,172,170,-1,170,168,154,-1,154,168,166,-1,154,166,164,-1,164,162,154,-1,154,162,160,-1,154,160,156,-1,156,160,158,-1,151,147,229,-1,229,147,145,-1,229,145,143,-1,200,214,202,-1,202,214,212,-1,202,212,210,-1,210,208,202,-1,202,208,206,-1,202,206,204,-1,200,198,214,-1,214,198,196,-1,214,196,194,-1,189,187,191,-1,191,187,214,-1,191,214,192,-1,192,214,194,-1,234,232,236,-1,236,232,231,-1,236,231,238,-1,238,231,240,-1,139,137,229,-1,229,137,135,-1,229,135,132,-1,132,133,229,-1,229,133,258,-1,229,258,256,-1,256,254,229,-1,229,254,252,-1,229,252,250,-1,250,248,229,-1,229,248,247,-1,229,247,231,-1,231,247,242,-1,231,242,240,-1,260,261,262,-1,262,261,263,-1,260,262,264,-1,264,262,265,-1,264,265,266,-1,266,265,267,-1,266,267,268,-1,268,267,269,-1,268,269,270,-1,270,269,271,-1,270,271,272,-1,272,271,273,-1,272,273,274,-1,274,273,275,-1,274,275,276,-1,276,275,277,-1,278,276,279,-1,279,276,277,-1,280,278,281,-1,281,278,279,-1,282,280,283,-1,283,280,281,-1,282,283,284,-1,282,284,285,-1,285,284,286,-1,285,286,287,-1,287,286,288,-1,287,288,289,-1,289,288,290,-1,289,290,291,-1,291,290,292,-1,291,292,293,-1,293,292,294,-1,293,294,295,-1,295,294,296,-1,295,296,297,-1,297,296,298,-1,297,298,299,-1,299,298,300,-1,299,300,301,-1,301,300,302,-1,301,302,303,-1,304,303,305,-1,305,303,302,-1,306,304,307,-1,307,304,305,-1,308,306,309,-1,309,306,307,-1,310,308,311,-1,311,308,309,-1,312,310,313,-1,313,310,311,-1,314,312,315,-1,315,312,313,-1,316,314,317,-1,317,314,315,-1,318,316,319,-1,319,316,317,-1,320,318,321,-1,321,318,319,-1,320,321,322,-1,320,322,323,-1,323,322,324,-1,323,324,325,-1,325,324,326,-1,325,326,327,-1,327,326,328,-1,327,328,329,-1,329,328,330,-1,329,330,331,-1,331,330,332,-1,331,332,333,-1,333,332,334,-1,333,334,335,-1,335,334,336,-1,335,336,337,-1,337,336,338,-1,337,338,339,-1,339,338,340,-1,339,340,341,-1,341,340,342,-1,341,342,343,-1,343,342,344,-1,343,344,345,-1,346,345,347,-1,347,345,344,-1,348,346,349,-1,349,346,347,-1,350,348,351,-1,351,348,349,-1,352,350,353,-1,353,350,351,-1,354,352,355,-1,355,352,353,-1,356,354,357,-1,357,354,355,-1,358,356,359,-1,359,356,357,-1,360,358,361,-1,361,358,359,-1,360,361,362,-1,360,362,363,-1,363,362,364,-1,363,364,365,-1,365,364,366,-1,365,366,367,-1,367,366,368,-1,367,368,369,-1,369,368,370,-1,369,370,371,-1,371,370,372,-1,371,372,373,-1,374,373,375,-1,375,373,372,-1,376,374,377,-1,377,374,375,-1,376,377,378,-1,376,378,379,-1,379,378,380,-1,379,380,381,-1,381,380,382,-1,381,382,383,-1,383,382,384,-1,383,384,385,-1,385,384,386,-1,385,386,387,-1,387,386,388,-1,387,388,389,-1,389,388,263,-1,389,263,261,-1,280,354,356,-1,303,304,306,-1,306,308,310,-1,264,266,358,-1,363,365,367,-1,264,358,260,-1,287,289,291,-1,318,345,316,-1,316,345,346,-1,316,346,314,-1,314,346,348,-1,314,348,312,-1,278,280,276,-1,276,280,356,-1,276,356,274,-1,363,367,360,-1,360,367,369,-1,360,369,371,-1,287,291,285,-1,285,291,293,-1,285,293,295,-1,295,297,285,-1,285,297,299,-1,285,299,301,-1,301,303,285,-1,285,303,306,-1,285,306,282,-1,282,306,310,-1,282,310,280,-1,280,310,312,-1,280,312,354,-1,354,312,348,-1,354,348,352,-1,352,348,350,-1,331,333,345,-1,266,268,358,-1,358,268,270,-1,358,270,356,-1,356,270,272,-1,356,272,274,-1,379,381,358,-1,318,320,345,-1,345,320,323,-1,345,323,325,-1,325,327,345,-1,345,327,329,-1,345,329,331,-1,339,333,337,-1,337,333,335,-1,339,341,333,-1,333,341,343,-1,333,343,345,-1,371,373,360,-1,360,373,374,-1,360,374,358,-1,358,374,376,-1,358,376,379,-1,381,383,358,-1,358,383,385,-1,358,385,387,-1,387,389,358,-1,358,389,261,-1,358,261,260,-1,355,315,357,-1,357,315,313,-1,357,313,359,-1,307,284,283,-1,353,351,355,-1,355,351,349,-1,355,349,315,-1,315,349,347,-1,315,347,317,-1,317,347,344,-1,377,375,372,-1,359,313,281,-1,281,313,311,-1,281,311,283,-1,283,311,309,-1,283,309,307,-1,281,279,277,-1,271,269,359,-1,271,359,273,-1,307,305,284,-1,284,305,302,-1,284,302,300,-1,300,298,284,-1,284,298,296,-1,284,296,294,-1,294,292,284,-1,284,292,290,-1,284,290,286,-1,286,290,288,-1,281,277,359,-1,359,277,275,-1,359,275,273,-1,330,344,332,-1,332,344,342,-1,332,342,340,-1,340,338,332,-1,332,338,336,-1,332,336,334,-1,330,328,344,-1,344,328,326,-1,344,326,324,-1,319,317,321,-1,321,317,344,-1,321,344,322,-1,322,344,324,-1,364,362,366,-1,366,362,361,-1,366,361,368,-1,368,361,370,-1,269,267,359,-1,359,267,265,-1,359,265,262,-1,262,263,359,-1,359,263,388,-1,359,388,386,-1,386,384,359,-1,359,384,382,-1,359,382,380,-1,380,378,359,-1,359,378,377,-1,359,377,361,-1,361,377,372,-1,361,372,370,-1,390,391,392,-1,392,391,393,-1,390,392,394,-1,394,392,395,-1,394,395,396,-1,396,395,397,-1,396,397,398,-1,398,397,399,-1,398,399,400,-1,400,399,401,-1,400,401,402,-1,402,401,403,-1,402,403,404,-1,404,403,405,-1,404,405,406,-1,406,405,407,-1,408,406,409,-1,409,406,407,-1,410,408,411,-1,411,408,409,-1,412,410,413,-1,413,410,411,-1,412,413,414,-1,412,414,415,-1,415,414,416,-1,415,416,417,-1,417,416,418,-1,417,418,419,-1,419,418,420,-1,419,420,421,-1,421,420,422,-1,421,422,423,-1,423,422,424,-1,423,424,425,-1,425,424,426,-1,425,426,427,-1,427,426,428,-1,427,428,429,-1,429,428,430,-1,429,430,431,-1,431,430,432,-1,431,432,433,-1,434,433,435,-1,435,433,432,-1,436,434,437,-1,437,434,435,-1,438,436,439,-1,439,436,437,-1,440,438,441,-1,441,438,439,-1,442,440,443,-1,443,440,441,-1,444,442,445,-1,445,442,443,-1,446,444,447,-1,447,444,445,-1,448,446,449,-1,449,446,447,-1,450,448,451,-1,451,448,449,-1,450,451,452,-1,450,452,453,-1,453,452,454,-1,453,454,455,-1,455,454,456,-1,455,456,457,-1,457,456,458,-1,457,458,459,-1,459,458,460,-1,459,460,461,-1,461,460,462,-1,461,462,463,-1,463,462,464,-1,463,464,465,-1,465,464,466,-1,465,466,467,-1,467,466,468,-1,467,468,469,-1,469,468,470,-1,469,470,471,-1,471,470,472,-1,471,472,473,-1,473,472,474,-1,473,474,475,-1,476,475,477,-1,477,475,474,-1,478,476,479,-1,479,476,477,-1,480,478,481,-1,481,478,479,-1,482,480,483,-1,483,480,481,-1,484,482,485,-1,485,482,483,-1,486,484,487,-1,487,484,485,-1,488,486,489,-1,489,486,487,-1,490,488,491,-1,491,488,489,-1,490,491,492,-1,490,492,493,-1,493,492,494,-1,493,494,495,-1,495,494,496,-1,495,496,497,-1,497,496,498,-1,497,498,499,-1,499,498,500,-1,499,500,501,-1,501,500,502,-1,501,502,503,-1,504,503,505,-1,505,503,502,-1,506,504,507,-1,507,504,505,-1,506,507,508,-1,506,508,509,-1,509,508,510,-1,509,510,511,-1,511,510,512,-1,511,512,513,-1,513,512,514,-1,513,514,515,-1,515,514,516,-1,515,516,517,-1,517,516,518,-1,517,518,519,-1,519,518,393,-1,519,393,391,-1,410,484,486,-1,433,434,436,-1,436,438,440,-1,394,396,488,-1,493,495,497,-1,394,488,390,-1,417,419,421,-1,448,475,446,-1,446,475,476,-1,446,476,444,-1,444,476,478,-1,444,478,442,-1,408,410,406,-1,406,410,486,-1,406,486,404,-1,493,497,490,-1,490,497,499,-1,490,499,501,-1,417,421,415,-1,415,421,423,-1,415,423,425,-1,425,427,415,-1,415,427,429,-1,415,429,431,-1,431,433,415,-1,415,433,436,-1,415,436,412,-1,412,436,440,-1,412,440,410,-1,410,440,442,-1,410,442,484,-1,484,442,478,-1,484,478,482,-1,482,478,480,-1,461,463,475,-1,396,398,488,-1,488,398,400,-1,488,400,486,-1,486,400,402,-1,486,402,404,-1,509,511,488,-1,448,450,475,-1,475,450,453,-1,475,453,455,-1,455,457,475,-1,475,457,459,-1,475,459,461,-1,469,463,467,-1,467,463,465,-1,469,471,463,-1,463,471,473,-1,463,473,475,-1,501,503,490,-1,490,503,504,-1,490,504,488,-1,488,504,506,-1,488,506,509,-1,511,513,488,-1,488,513,515,-1,488,515,517,-1,517,519,488,-1,488,519,391,-1,488,391,390,-1,485,445,487,-1,487,445,443,-1,487,443,489,-1,437,414,413,-1,483,481,485,-1,485,481,479,-1,485,479,445,-1,445,479,477,-1,445,477,447,-1,447,477,474,-1,507,505,502,-1,489,443,411,-1,411,443,441,-1,411,441,413,-1,413,441,439,-1,413,439,437,-1,411,409,407,-1,401,399,489,-1,401,489,403,-1,437,435,414,-1,414,435,432,-1,414,432,430,-1,430,428,414,-1,414,428,426,-1,414,426,424,-1,424,422,414,-1,414,422,420,-1,414,420,416,-1,416,420,418,-1,411,407,489,-1,489,407,405,-1,489,405,403,-1,460,474,462,-1,462,474,472,-1,462,472,470,-1,470,468,462,-1,462,468,466,-1,462,466,464,-1,460,458,474,-1,474,458,456,-1,474,456,454,-1,449,447,451,-1,451,447,474,-1,451,474,452,-1,452,474,454,-1,494,492,496,-1,496,492,491,-1,496,491,498,-1,498,491,500,-1,399,397,489,-1,489,397,395,-1,489,395,392,-1,392,393,489,-1,489,393,518,-1,489,518,516,-1,516,514,489,-1,489,514,512,-1,489,512,510,-1,510,508,489,-1,489,508,507,-1,489,507,491,-1,491,507,502,-1,491,502,500,-1,520,521,522,-1,522,521,523,-1,520,522,524,-1,524,522,525,-1,524,525,526,-1,526,525,527,-1,526,527,528,-1,528,527,529,-1,528,529,530,-1,530,529,531,-1,530,531,532,-1,532,531,533,-1,532,533,534,-1,534,533,535,-1,534,535,536,-1,536,535,537,-1,538,536,539,-1,539,536,537,-1,540,538,541,-1,541,538,539,-1,542,540,543,-1,543,540,541,-1,542,543,544,-1,542,544,545,-1,545,544,546,-1,545,546,547,-1,547,546,548,-1,547,548,549,-1,549,548,550,-1,549,550,551,-1,551,550,552,-1,551,552,553,-1,553,552,554,-1,553,554,555,-1,555,554,556,-1,555,556,557,-1,557,556,558,-1,557,558,559,-1,559,558,560,-1,559,560,561,-1,561,560,562,-1,561,562,563,-1,564,563,565,-1,565,563,562,-1,566,564,567,-1,567,564,565,-1,568,566,569,-1,569,566,567,-1,570,568,571,-1,571,568,569,-1,572,570,573,-1,573,570,571,-1,574,572,575,-1,575,572,573,-1,576,574,577,-1,577,574,575,-1,578,576,579,-1,579,576,577,-1,580,578,581,-1,581,578,579,-1,580,581,582,-1,580,582,583,-1,583,582,584,-1,583,584,585,-1,585,584,586,-1,585,586,587,-1,587,586,588,-1,587,588,589,-1,589,588,590,-1,589,590,591,-1,591,590,592,-1,591,592,593,-1,593,592,594,-1,593,594,595,-1,595,594,596,-1,595,596,597,-1,597,596,598,-1,597,598,599,-1,599,598,600,-1,599,600,601,-1,601,600,602,-1,601,602,603,-1,603,602,604,-1,603,604,605,-1,606,605,607,-1,607,605,604,-1,608,606,609,-1,609,606,607,-1,610,608,611,-1,611,608,609,-1,612,610,613,-1,613,610,611,-1,614,612,615,-1,615,612,613,-1,616,614,617,-1,617,614,615,-1,618,616,619,-1,619,616,617,-1,620,618,621,-1,621,618,619,-1,620,621,622,-1,620,622,623,-1,623,622,624,-1,623,624,625,-1,625,624,626,-1,625,626,627,-1,627,626,628,-1,627,628,629,-1,629,628,630,-1,629,630,631,-1,631,630,632,-1,631,632,633,-1,634,633,635,-1,635,633,632,-1,636,634,637,-1,637,634,635,-1,636,637,638,-1,636,638,639,-1,639,638,640,-1,639,640,641,-1,641,640,642,-1,641,642,643,-1,643,642,644,-1,643,644,645,-1,645,644,646,-1,645,646,647,-1,647,646,648,-1,647,648,649,-1,649,648,523,-1,649,523,521,-1,540,614,616,-1,563,564,566,-1,566,568,570,-1,524,526,618,-1,623,625,627,-1,524,618,520,-1,547,549,551,-1,578,605,576,-1,576,605,606,-1,576,606,574,-1,574,606,608,-1,574,608,572,-1,538,540,536,-1,536,540,616,-1,536,616,534,-1,623,627,620,-1,620,627,629,-1,620,629,631,-1,547,551,545,-1,545,551,553,-1,545,553,555,-1,555,557,545,-1,545,557,559,-1,545,559,561,-1,561,563,545,-1,545,563,566,-1,545,566,542,-1,542,566,570,-1,542,570,540,-1,540,570,572,-1,540,572,614,-1,614,572,608,-1,614,608,612,-1,612,608,610,-1,591,593,605,-1,526,528,618,-1,618,528,530,-1,618,530,616,-1,616,530,532,-1,616,532,534,-1,639,641,618,-1,578,580,605,-1,605,580,583,-1,605,583,585,-1,585,587,605,-1,605,587,589,-1,605,589,591,-1,599,593,597,-1,597,593,595,-1,599,601,593,-1,593,601,603,-1,593,603,605,-1,631,633,620,-1,620,633,634,-1,620,634,618,-1,618,634,636,-1,618,636,639,-1,641,643,618,-1,618,643,645,-1,618,645,647,-1,647,649,618,-1,618,649,521,-1,618,521,520,-1,615,575,617,-1,617,575,573,-1,617,573,619,-1,567,544,543,-1,613,611,615,-1,615,611,609,-1,615,609,575,-1,575,609,607,-1,575,607,577,-1,577,607,604,-1,637,635,632,-1,619,573,541,-1,541,573,571,-1,541,571,543,-1,543,571,569,-1,543,569,567,-1,541,539,537,-1,531,529,619,-1,531,619,533,-1,567,565,544,-1,544,565,562,-1,544,562,560,-1,560,558,544,-1,544,558,556,-1,544,556,554,-1,554,552,544,-1,544,552,550,-1,544,550,546,-1,546,550,548,-1,541,537,619,-1,619,537,535,-1,619,535,533,-1,590,604,592,-1,592,604,602,-1,592,602,600,-1,600,598,592,-1,592,598,596,-1,592,596,594,-1,590,588,604,-1,604,588,586,-1,604,586,584,-1,579,577,581,-1,581,577,604,-1,581,604,582,-1,582,604,584,-1,624,622,626,-1,626,622,621,-1,626,621,628,-1,628,621,630,-1,529,527,619,-1,619,527,525,-1,619,525,522,-1,522,523,619,-1,619,523,648,-1,619,648,646,-1,646,644,619,-1,619,644,642,-1,619,642,640,-1,640,638,619,-1,619,638,637,-1,619,637,621,-1,621,637,632,-1,621,632,630,-1,650,651,652,-1,652,651,653,-1,650,652,654,-1,654,652,655,-1,654,655,656,-1,656,655,657,-1,656,657,658,-1,658,657,659,-1,658,659,660,-1,660,659,661,-1,660,661,662,-1,662,661,663,-1,662,663,664,-1,664,663,665,-1,664,665,666,-1,666,665,667,-1,668,666,669,-1,669,666,667,-1,670,668,671,-1,671,668,669,-1,672,670,673,-1,673,670,671,-1,672,673,674,-1,672,674,675,-1,675,674,676,-1,675,676,677,-1,677,676,678,-1,677,678,679,-1,679,678,680,-1,679,680,681,-1,681,680,682,-1,681,682,683,-1,683,682,684,-1,683,684,685,-1,685,684,686,-1,685,686,687,-1,687,686,688,-1,687,688,689,-1,689,688,690,-1,689,690,691,-1,691,690,692,-1,691,692,693,-1,694,693,695,-1,695,693,692,-1,696,694,697,-1,697,694,695,-1,698,696,699,-1,699,696,697,-1,700,698,701,-1,701,698,699,-1,702,700,703,-1,703,700,701,-1,704,702,705,-1,705,702,703,-1,706,704,707,-1,707,704,705,-1,708,706,709,-1,709,706,707,-1,710,708,711,-1,711,708,709,-1,710,711,712,-1,710,712,713,-1,713,712,714,-1,713,714,715,-1,715,714,716,-1,715,716,717,-1,717,716,718,-1,717,718,719,-1,719,718,720,-1,719,720,721,-1,721,720,722,-1,721,722,723,-1,723,722,724,-1,723,724,725,-1,725,724,726,-1,725,726,727,-1,727,726,728,-1,727,728,729,-1,729,728,730,-1,729,730,731,-1,731,730,732,-1,731,732,733,-1,733,732,734,-1,733,734,735,-1,736,735,737,-1,737,735,734,-1,738,736,739,-1,739,736,737,-1,740,738,741,-1,741,738,739,-1,742,740,743,-1,743,740,741,-1,744,742,745,-1,745,742,743,-1,746,744,747,-1,747,744,745,-1,748,746,749,-1,749,746,747,-1,750,748,751,-1,751,748,749,-1,750,751,752,-1,750,752,753,-1,753,752,754,-1,753,754,755,-1,755,754,756,-1,755,756,757,-1,757,756,758,-1,757,758,759,-1,759,758,760,-1,759,760,761,-1,761,760,762,-1,761,762,763,-1,764,763,765,-1,765,763,762,-1,766,764,767,-1,767,764,765,-1,766,767,768,-1,766,768,769,-1,769,768,770,-1,769,770,771,-1,771,770,772,-1,771,772,773,-1,773,772,774,-1,773,774,775,-1,775,774,776,-1,775,776,777,-1,777,776,778,-1,777,778,779,-1,779,778,653,-1,779,653,651,-1,670,744,746,-1,693,694,696,-1,696,698,700,-1,654,656,748,-1,753,755,757,-1,654,748,650,-1,677,679,681,-1,708,735,706,-1,706,735,736,-1,706,736,704,-1,704,736,738,-1,704,738,702,-1,668,670,666,-1,666,670,746,-1,666,746,664,-1,753,757,750,-1,750,757,759,-1,750,759,761,-1,677,681,675,-1,675,681,683,-1,675,683,685,-1,685,687,675,-1,675,687,689,-1,675,689,691,-1,691,693,675,-1,675,693,696,-1,675,696,672,-1,672,696,700,-1,672,700,670,-1,670,700,702,-1,670,702,744,-1,744,702,738,-1,744,738,742,-1,742,738,740,-1,721,723,735,-1,656,658,748,-1,748,658,660,-1,748,660,746,-1,746,660,662,-1,746,662,664,-1,769,771,748,-1,708,710,735,-1,735,710,713,-1,735,713,715,-1,715,717,735,-1,735,717,719,-1,735,719,721,-1,729,723,727,-1,727,723,725,-1,729,731,723,-1,723,731,733,-1,723,733,735,-1,761,763,750,-1,750,763,764,-1,750,764,748,-1,748,764,766,-1,748,766,769,-1,771,773,748,-1,748,773,775,-1,748,775,777,-1,777,779,748,-1,748,779,651,-1,748,651,650,-1,745,705,747,-1,747,705,703,-1,747,703,749,-1,697,674,673,-1,743,741,745,-1,745,741,739,-1,745,739,705,-1,705,739,737,-1,705,737,707,-1,707,737,734,-1,767,765,762,-1,749,703,671,-1,671,703,701,-1,671,701,673,-1,673,701,699,-1,673,699,697,-1,671,669,667,-1,661,659,749,-1,661,749,663,-1,697,695,674,-1,674,695,692,-1,674,692,690,-1,690,688,674,-1,674,688,686,-1,674,686,684,-1,684,682,674,-1,674,682,680,-1,674,680,676,-1,676,680,678,-1,671,667,749,-1,749,667,665,-1,749,665,663,-1,720,734,722,-1,722,734,732,-1,722,732,730,-1,730,728,722,-1,722,728,726,-1,722,726,724,-1,720,718,734,-1,734,718,716,-1,734,716,714,-1,709,707,711,-1,711,707,734,-1,711,734,712,-1,712,734,714,-1,754,752,756,-1,756,752,751,-1,756,751,758,-1,758,751,760,-1,659,657,749,-1,749,657,655,-1,749,655,652,-1,652,653,749,-1,749,653,778,-1,749,778,776,-1,776,774,749,-1,749,774,772,-1,749,772,770,-1,770,768,749,-1,749,768,767,-1,749,767,751,-1,751,767,762,-1,751,762,760,-1,780,781,782,-1,782,781,783,-1,780,782,784,-1,784,782,785,-1,784,785,786,-1,786,785,787,-1,786,787,788,-1,788,787,789,-1,788,789,790,-1,790,789,791,-1,790,791,792,-1,792,791,793,-1,792,793,794,-1,794,793,795,-1,794,795,796,-1,796,795,797,-1,798,796,799,-1,799,796,797,-1,800,798,801,-1,801,798,799,-1,802,800,803,-1,803,800,801,-1,802,803,804,-1,802,804,805,-1,805,804,806,-1,805,806,807,-1,807,806,808,-1,807,808,809,-1,809,808,810,-1,809,810,811,-1,811,810,812,-1,811,812,813,-1,813,812,814,-1,813,814,815,-1,815,814,816,-1,815,816,817,-1,817,816,818,-1,817,818,819,-1,819,818,820,-1,819,820,821,-1,821,820,822,-1,821,822,823,-1,824,823,825,-1,825,823,822,-1,826,824,827,-1,827,824,825,-1,828,826,829,-1,829,826,827,-1,830,828,831,-1,831,828,829,-1,832,830,833,-1,833,830,831,-1,834,832,835,-1,835,832,833,-1,836,834,837,-1,837,834,835,-1,838,836,839,-1,839,836,837,-1,840,838,841,-1,841,838,839,-1,840,841,842,-1,840,842,843,-1,843,842,844,-1,843,844,845,-1,845,844,846,-1,845,846,847,-1,847,846,848,-1,847,848,849,-1,849,848,850,-1,849,850,851,-1,851,850,852,-1,851,852,853,-1,853,852,854,-1,853,854,855,-1,855,854,856,-1,855,856,857,-1,857,856,858,-1,857,858,859,-1,859,858,860,-1,859,860,861,-1,861,860,862,-1,861,862,863,-1,863,862,864,-1,863,864,865,-1,866,865,867,-1,867,865,864,-1,868,866,869,-1,869,866,867,-1,870,868,871,-1,871,868,869,-1,872,870,873,-1,873,870,871,-1,874,872,875,-1,875,872,873,-1,876,874,877,-1,877,874,875,-1,878,876,879,-1,879,876,877,-1,880,878,881,-1,881,878,879,-1,880,881,882,-1,880,882,883,-1,883,882,884,-1,883,884,885,-1,885,884,886,-1,885,886,887,-1,887,886,888,-1,887,888,889,-1,889,888,890,-1,889,890,891,-1,891,890,892,-1,891,892,893,-1,894,893,895,-1,895,893,892,-1,896,894,897,-1,897,894,895,-1,896,897,898,-1,896,898,899,-1,899,898,900,-1,899,900,901,-1,901,900,902,-1,901,902,903,-1,903,902,904,-1,903,904,905,-1,905,904,906,-1,905,906,907,-1,907,906,908,-1,907,908,909,-1,909,908,783,-1,909,783,781,-1,800,874,876,-1,823,824,826,-1,826,828,830,-1,784,786,878,-1,883,885,887,-1,784,878,780,-1,807,809,811,-1,838,865,836,-1,836,865,866,-1,836,866,834,-1,834,866,868,-1,834,868,832,-1,798,800,796,-1,796,800,876,-1,796,876,794,-1,883,887,880,-1,880,887,889,-1,880,889,891,-1,807,811,805,-1,805,811,813,-1,805,813,815,-1,815,817,805,-1,805,817,819,-1,805,819,821,-1,821,823,805,-1,805,823,826,-1,805,826,802,-1,802,826,830,-1,802,830,800,-1,800,830,832,-1,800,832,874,-1,874,832,868,-1,874,868,872,-1,872,868,870,-1,851,853,865,-1,786,788,878,-1,878,788,790,-1,878,790,876,-1,876,790,792,-1,876,792,794,-1,899,901,878,-1,838,840,865,-1,865,840,843,-1,865,843,845,-1,845,847,865,-1,865,847,849,-1,865,849,851,-1,859,853,857,-1,857,853,855,-1,859,861,853,-1,853,861,863,-1,853,863,865,-1,891,893,880,-1,880,893,894,-1,880,894,878,-1,878,894,896,-1,878,896,899,-1,901,903,878,-1,878,903,905,-1,878,905,907,-1,907,909,878,-1,878,909,781,-1,878,781,780,-1,875,835,877,-1,877,835,833,-1,877,833,879,-1,827,804,803,-1,873,871,875,-1,875,871,869,-1,875,869,835,-1,835,869,867,-1,835,867,837,-1,837,867,864,-1,897,895,892,-1,879,833,801,-1,801,833,831,-1,801,831,803,-1,803,831,829,-1,803,829,827,-1,801,799,797,-1,791,789,879,-1,791,879,793,-1,827,825,804,-1,804,825,822,-1,804,822,820,-1,820,818,804,-1,804,818,816,-1,804,816,814,-1,814,812,804,-1,804,812,810,-1,804,810,806,-1,806,810,808,-1,801,797,879,-1,879,797,795,-1,879,795,793,-1,850,864,852,-1,852,864,862,-1,852,862,860,-1,860,858,852,-1,852,858,856,-1,852,856,854,-1,850,848,864,-1,864,848,846,-1,864,846,844,-1,839,837,841,-1,841,837,864,-1,841,864,842,-1,842,864,844,-1,884,882,886,-1,886,882,881,-1,886,881,888,-1,888,881,890,-1,789,787,879,-1,879,787,785,-1,879,785,782,-1,782,783,879,-1,879,783,908,-1,879,908,906,-1,906,904,879,-1,879,904,902,-1,879,902,900,-1,900,898,879,-1,879,898,897,-1,879,897,881,-1,881,897,892,-1,881,892,890,-1,910,911,912,-1,912,911,913,-1,910,912,914,-1,914,912,915,-1,914,915,916,-1,916,915,917,-1,916,917,918,-1,918,917,919,-1,918,919,920,-1,920,919,921,-1,920,921,922,-1,922,921,923,-1,922,923,924,-1,924,923,925,-1,924,925,926,-1,926,925,927,-1,928,926,929,-1,929,926,927,-1,930,928,931,-1,931,928,929,-1,932,930,933,-1,933,930,931,-1,932,933,934,-1,932,934,935,-1,935,934,936,-1,935,936,937,-1,937,936,938,-1,937,938,939,-1,939,938,940,-1,939,940,941,-1,941,940,942,-1,941,942,943,-1,943,942,944,-1,943,944,945,-1,945,944,946,-1,945,946,947,-1,947,946,948,-1,947,948,949,-1,949,948,950,-1,949,950,951,-1,951,950,952,-1,951,952,953,-1,954,953,955,-1,955,953,952,-1,956,954,957,-1,957,954,955,-1,958,956,959,-1,959,956,957,-1,960,958,961,-1,961,958,959,-1,962,960,963,-1,963,960,961,-1,964,962,965,-1,965,962,963,-1,966,964,967,-1,967,964,965,-1,968,966,969,-1,969,966,967,-1,970,968,971,-1,971,968,969,-1,970,971,972,-1,970,972,973,-1,973,972,974,-1,973,974,975,-1,975,974,976,-1,975,976,977,-1,977,976,978,-1,977,978,979,-1,979,978,980,-1,979,980,981,-1,981,980,982,-1,981,982,983,-1,983,982,984,-1,983,984,985,-1,985,984,986,-1,985,986,987,-1,987,986,988,-1,987,988,989,-1,989,988,990,-1,989,990,991,-1,991,990,992,-1,991,992,993,-1,993,992,994,-1,993,994,995,-1,996,995,997,-1,997,995,994,-1,998,996,999,-1,999,996,997,-1,1000,998,1001,-1,1001,998,999,-1,1002,1000,1003,-1,1003,1000,1001,-1,1004,1002,1005,-1,1005,1002,1003,-1,1006,1004,1007,-1,1007,1004,1005,-1,1008,1006,1009,-1,1009,1006,1007,-1,1010,1008,1011,-1,1011,1008,1009,-1,1010,1011,1012,-1,1010,1012,1013,-1,1013,1012,1014,-1,1013,1014,1015,-1,1015,1014,1016,-1,1015,1016,1017,-1,1017,1016,1018,-1,1017,1018,1019,-1,1019,1018,1020,-1,1019,1020,1021,-1,1021,1020,1022,-1,1021,1022,1023,-1,1024,1023,1025,-1,1025,1023,1022,-1,1026,1024,1027,-1,1027,1024,1025,-1,1026,1027,1028,-1,1026,1028,1029,-1,1029,1028,1030,-1,1029,1030,1031,-1,1031,1030,1032,-1,1031,1032,1033,-1,1033,1032,1034,-1,1033,1034,1035,-1,1035,1034,1036,-1,1035,1036,1037,-1,1037,1036,1038,-1,1037,1038,1039,-1,1039,1038,913,-1,1039,913,911,-1,930,1004,1006,-1,953,954,956,-1,956,958,960,-1,914,916,1008,-1,1013,1015,1017,-1,914,1008,910,-1,937,939,941,-1,968,995,966,-1,966,995,996,-1,966,996,964,-1,964,996,998,-1,964,998,962,-1,928,930,926,-1,926,930,1006,-1,926,1006,924,-1,1013,1017,1010,-1,1010,1017,1019,-1,1010,1019,1021,-1,937,941,935,-1,935,941,943,-1,935,943,945,-1,945,947,935,-1,935,947,949,-1,935,949,951,-1,951,953,935,-1,935,953,956,-1,935,956,932,-1,932,956,960,-1,932,960,930,-1,930,960,962,-1,930,962,1004,-1,1004,962,998,-1,1004,998,1002,-1,1002,998,1000,-1,981,983,995,-1,916,918,1008,-1,1008,918,920,-1,1008,920,1006,-1,1006,920,922,-1,1006,922,924,-1,1029,1031,1008,-1,968,970,995,-1,995,970,973,-1,995,973,975,-1,975,977,995,-1,995,977,979,-1,995,979,981,-1,989,983,987,-1,987,983,985,-1,989,991,983,-1,983,991,993,-1,983,993,995,-1,1021,1023,1010,-1,1010,1023,1024,-1,1010,1024,1008,-1,1008,1024,1026,-1,1008,1026,1029,-1,1031,1033,1008,-1,1008,1033,1035,-1,1008,1035,1037,-1,1037,1039,1008,-1,1008,1039,911,-1,1008,911,910,-1,1005,965,1007,-1,1007,965,963,-1,1007,963,1009,-1,957,934,933,-1,1003,1001,1005,-1,1005,1001,999,-1,1005,999,965,-1,965,999,997,-1,965,997,967,-1,967,997,994,-1,1027,1025,1022,-1,1009,963,931,-1,931,963,961,-1,931,961,933,-1,933,961,959,-1,933,959,957,-1,931,929,927,-1,921,919,1009,-1,921,1009,923,-1,957,955,934,-1,934,955,952,-1,934,952,950,-1,950,948,934,-1,934,948,946,-1,934,946,944,-1,944,942,934,-1,934,942,940,-1,934,940,936,-1,936,940,938,-1,931,927,1009,-1,1009,927,925,-1,1009,925,923,-1,980,994,982,-1,982,994,992,-1,982,992,990,-1,990,988,982,-1,982,988,986,-1,982,986,984,-1,980,978,994,-1,994,978,976,-1,994,976,974,-1,969,967,971,-1,971,967,994,-1,971,994,972,-1,972,994,974,-1,1014,1012,1016,-1,1016,1012,1011,-1,1016,1011,1018,-1,1018,1011,1020,-1,919,917,1009,-1,1009,917,915,-1,1009,915,912,-1,912,913,1009,-1,1009,913,1038,-1,1009,1038,1036,-1,1036,1034,1009,-1,1009,1034,1032,-1,1009,1032,1030,-1,1030,1028,1009,-1,1009,1028,1027,-1,1009,1027,1011,-1,1011,1027,1022,-1,1011,1022,1020,-1,
        ]
    }
}
Shape{
    appearance Appearance {
        material  Material 	{
            diffuseColor 0.8431372549019608 0.8156862745098039 0.7529411764705882
            specularColor 0.25098039215686274 0.24313725490196078 0.22745098039215686
            ambientIntensity 0.2
            transparency 0
            shininess 0.5
        }
    }
    geometry IndexedFaceSet {
        ccw TRUE
        solid FALSE
        coord DEF co Coordinate {
            point [
                0.2611 -1.1394 0.0, 0.24 -1.1394 0.0, 0.1002 -1.1385 0.0, 0.1024 -1.1388 0.0, 0.0845 -1.1385 0.0, 0.0795 -1.1392 0.0, 0.0235 -1.1394 0.0, 0.0704 -1.1428 0.0, 0.0622 -1.1486 0.0, 0.0546 -1.1574 0.0, 0.0493 -1.168 0.0, 0.0461 -1.1828 0.0, 0.0456 -1.1956 0.0, 0.0235 -1.2969 0.0, 0.1181 -1.1765 0.0, 0.122 -1.1924 0.0, 0.0659 -1.2343 0.0, 0.1239 -1.2214 0.0, 0.0666 -1.2493 0.0, 0.1216 -1.2504 0.0, 0.1654 -1.2969 0.0, 0.2611 -1.2969 0.0, 1.0236 -1.8012 0.0, 1.0236 -1.1385 0.0, 0.0762 -1.2738 0.0, 0.1181 -1.2623 0.0, 0.24 -1.2794 0.0, 0.1654 -1.2794 0.0, 0.124 -1.2871 0.0, 0.1323 -1.2785 0.0, 0.1382 -1.2685 0.0, 0.1435 -1.2514 0.0, 0.0724 -1.2692 0.0, 0.0694 -1.2626 0.0, 0.1298 -1.1574 0.0, 0.1211 -1.1481 0.0, 0.112 -1.1422 0.0, 0.146 -1.2233 0.0, 0.1436 -1.1922 0.0, 0.1378 -1.1715 0.0, 0.0982 -1.2807 0.0, 0.0926 -1.2813 0.0, -0.081 -1.1385 0.0, -0.0658 -1.1394 0.0, -0.0658 -1.1569 0.0, -0.0704 -1.2794 0.0, -0.0704 -1.2969 0.0, -0.081 -1.8012 0.0, 0.0024 -1.2233 0.0, 0.0024 -1.2794 0.0, -0.0603 -1.2233 0.0, -0.0603 -1.2058 0.0, 0.0024 -1.2058 0.0, 0.0024 -1.1569 0.0, 0.1034 -1.2789 0.0, 0.1141 -1.2696 0.0, 0.1083 -1.2757 0.0, 0.0671 -1.1802 0.0, 0.0698 -1.1703 0.0, 0.0903 -1.1551 0.0, 0.0723 -1.1652 0.0, 0.0843 -1.1561 0.0, 0.0756 -1.1612 0.0, 0.0797 -1.158 0.0, 0.0984 -1.156 0.0, 0.1037 -1.1582 0.0, 0.0659 -1.1956 0.0, 0.1086 -1.1618 0.0, 0.1133 -1.1673 0.0, 0.0869 -1.2804 0.0, 0.0818 -1.2782 0.0, 0.0917 -1.1551 0.0, 0.0447 -1.2343 0.0, 0.0468 -1.2556 0.0, 0.051 -1.2703 0.0, 0.0562 -1.28 0.0, 0.0643 -1.2886 0.0, 0.0738 -1.2947 0.0, 0.0831 -1.2978 0.0, 0.0926 -1.2988 0.0, 0.1047 -1.2973 0.0, 0.115 -1.2933 0.0, 1.0236 -0.2461 0.0, -0.081 -0.2461 0.0, 0.0917 -1.1376 0.0, -0.1647 -1.1504 0.0, -0.1728 -1.1575 0.0, -0.2479 -1.1385 0.0, -0.1795 -1.1674 0.0, -0.1855 -1.1836 0.0, -0.2905 -1.2969 0.0, -0.2776 -1.2481 0.0, -0.2371 -1.2481 0.0, -0.1837 -1.2579 0.0, -0.1781 -1.2702 0.0, -0.2021 -1.2969 0.0, -0.1229 -1.1394 0.0, -0.1401 -1.1408 0.0, -0.1541 -1.1447 0.0, -0.2242 -1.2969 0.0, -0.1715 -1.2787 0.0, -0.1624 -1.2862 0.0, -0.1499 -1.2925 0.0, -0.0916 -1.1394 0.0, -0.0916 -1.2969 0.0, -0.1229 -1.2969 0.0, -0.1326 -1.2964 0.0, -0.1891 -1.2143 0.0, -0.1892 -1.2186 0.0, -0.1877 -1.2413 0.0, -0.3126 -1.2969 0.0, -1.0236 -1.8012 0.0, -0.2668 -1.1385 0.0, -1.0236 -1.1385 0.0, -0.2666 -1.1376 0.0, -1.0236 -0.2461 0.0, -0.2481 -1.1376 0.0, -1.6535 -0.2461 0.7874, -1.6535 -1.8012 0.7874, -1.2598 -1.8012 0.7874, -1.2598 -0.9744 0.7874, -0.8661 -0.9744 0.7874, 1.6535 -0.2461 0.7874, 1.2598 -1.8012 0.7874, 1.6535 -1.8012 0.7874, 1.2598 -0.9744 0.7874, 0.8661 -0.9744 0.7874, 0.8661 -1.1319 0.7874, -0.8661 -1.1319 0.7874, -0.0492 -0.2461 0.7283, -0.0492 -1.1319 0.7283, -0.1476 -0.2461 0.7283, -0.1476 -1.1319 0.7283, -0.2461 -0.2461 0.7283, -0.2461 -1.1319 0.7283, -0.3445 -0.2461 0.7283, -0.3445 -1.1319 0.7283, -0.4429 -0.2461 0.7283, -0.4429 -1.1319 0.7283, -0.5413 -0.2461 0.7283, -0.5413 -1.1319 0.7283, -0.6398 -0.2461 0.7283, -0.6398 -1.1319 0.7283, -0.7382 -0.2461 0.7283, -0.7382 -1.1319 0.7283, -1.0433 -0.2461 0.7283, -1.0433 -0.9744 0.7283, -1.122 -0.2461 0.7283, -1.122 -0.9744 0.7283, 1.122 -0.2461 0.7283, 1.122 -0.9744 0.7283, 1.0433 -0.2461 0.7283, 1.0433 -0.9744 0.7283, 0.1476 -0.2461 0.7283, 0.1476 -1.1319 0.7283, 0.0492 -0.2461 0.7283, 0.0492 -1.1319 0.7283, 0.3445 -0.2461 0.7283, 0.3445 -1.1319 0.7283, 0.2461 -0.2461 0.7283, 0.2461 -1.1319 0.7283, 0.5413 -0.2461 0.7283, 0.5413 -1.1319 0.7283, 0.4429 -0.2461 0.7283, 0.4429 -1.1319 0.7283, 0.7382 -0.2461 0.7283, 0.7382 -1.1319 0.7283, 0.6398 -0.2461 0.7283, 0.6398 -1.1319 0.7283, -1.2106 -0.1476 0.7244, -1.1614 -0.1476 0.7244, -1.2106 -0.1476 0.2756, -1.1614 -0.1476 0.1024, -1.5551 -0.1476 0.2756, -1.6142 -0.1476 0.1024, -1.5551 -0.1476 0.7244, -1.6142 -0.1476 0.7244, -1.0039 -0.1476 0.063, -1.0039 -0.1476 0.7244, -0.7382 -0.1476 0.7244, -0.7382 -0.1476 0.1181, -0.6398 -0.1476 0.1181, 1.0039 -0.1476 0.063, -0.4429 -0.1476 0.1181, -0.4429 -0.1476 0.7244, -0.3445 -0.1476 0.7244, -0.3445 -0.1476 0.1181, -0.2461 -0.1476 0.1181, -0.6398 -0.1476 0.7244, -0.5413 -0.1476 0.7244, -0.5413 -0.1476 0.1181, -0.0492 -0.1476 0.1181, -0.0492 -0.1476 0.7244, 0.0492 -0.1476 0.7244, 0.0492 -0.1476 0.1181, 0.1476 -0.1476 0.1181, -0.1476 -0.1476 0.1181, -0.1476 -0.1476 0.7244, -0.2461 -0.1476 0.7244, 0.3445 -0.1476 0.1181, 0.3445 -0.1476 0.7244, 0.4429 -0.1476 0.7244, 0.4429 -0.1476 0.1181, 0.5413 -0.1476 0.1181, 0.2461 -0.1476 0.1181, 0.2461 -0.1476 0.7244, 0.1476 -0.1476 0.7244, 0.7382 -0.1476 0.7244, 1.0039 -0.1476 0.7244, 0.7382 -0.1476 0.1181, 0.6398 -0.1476 0.1181, 0.6398 -0.1476 0.7244, 0.5413 -0.1476 0.7244, -1.0236 -1.8012 0.0591, -1.0236 -0.2461 0.0591, -1.0433 -0.2461 0.0591, -1.0433 -1.1319 0.0591, -1.122 -1.1319 0.0591, -1.6535 -1.8012 0.0591, -1.122 -0.2461 0.0591, -1.6535 -0.2461 0.0591, -1.2106 -0.935 0.748, -1.5551 -0.935 0.748, -1.2106 -0.2461 0.748, -1.5551 -0.2461 0.748, 1.0236 -0.2461 0.0591, 1.0236 -1.8012 0.0591, 1.0433 -0.2461 0.0591, 1.0433 -1.1319 0.0591, 1.122 -0.2461 0.0591, 1.6535 -0.2461 0.0591, 1.122 -1.1319 0.0591, 1.6535 -1.8012 0.0591, 1.5551 -0.935 0.748, 1.2106 -0.935 0.748, 1.5551 -0.2461 0.748, 1.2106 -0.2461 0.748, 1.2598 -1.8012 0.1575, 0.7382 -1.8012 0.1575, 0.7382 -1.8012 0.1181, 0.6398 -1.8012 0.1181, 0.6398 -1.8012 0.1575, 0.5413 -1.8012 0.1575, 0.5413 -1.8012 0.1181, 0.4429 -1.8012 0.1181, -0.5413 -1.8012 0.1575, -0.6398 -1.8012 0.1575, -0.5413 -1.8012 0.1181, -0.6398 -1.8012 0.1181, 0.2461 -1.8012 0.1181, 0.2461 -1.8012 0.1575, 0.1476 -1.8012 0.1575, -1.2598 -1.8012 0.1575, 0.1476 -1.8012 0.1181, 0.0492 -1.8012 0.1181, -0.4429 -1.8012 0.1181, -0.7382 -1.8012 0.1181, -0.7382 -1.8012 0.1575, 0.3445 -1.8012 0.1181, 0.3445 -1.8012 0.1575, 0.4429 -1.8012 0.1575, -0.3445 -1.8012 0.1181, -0.3445 -1.8012 0.1575, -0.4429 -1.8012 0.1575, 0.0492 -1.8012 0.1575, -0.0492 -1.8012 0.1575, -0.0492 -1.8012 0.1181, -0.1476 -1.8012 0.1181, -0.1476 -1.8012 0.1575, -0.2461 -1.8012 0.1575, -0.2461 -1.8012 0.1181, -0.0492 -1.1319 0.1575, -0.0492 -0.2461 0.7244, -0.1476 -0.2461 0.7244, -0.1476 -1.1319 0.1575, -0.2461 -1.1319 0.1575, -0.2461 -0.2461 0.7244, -0.3445 -0.2461 0.7244, -0.3445 -1.1319 0.1575, -0.4429 -1.1319 0.1575, -0.4429 -0.2461 0.7244, -0.5413 -1.1319 0.1575, -0.5413 -0.2461 0.7244, -0.6398 -1.1319 0.1575, -0.6398 -0.2461 0.7244, -0.7382 -0.2461 0.7244, -0.7382 -1.1319 0.1575, -1.0433 -0.2461 0.063, -1.0433 -0.9744 0.1575, -1.0433 -1.1319 0.1575, -1.0433 -0.2461 0.7244, -1.0433 -0.187 0.7244, -1.0433 -0.187 0.063, -1.122 -0.2461 0.063, -1.122 -0.9744 0.1575, -1.122 -1.1319 0.1575, -1.122 -0.2461 0.7244, -1.122 -0.187 0.7244, -1.122 -0.187 0.063, 1.0433 -0.2461 0.7244, 1.0433 -0.2461 0.063, 1.0433 -0.187 0.063, 1.0433 -0.187 0.7244, 1.0433 -0.9744 0.1575, 1.0433 -1.1319 0.1575, 1.122 -0.2461 0.063, 1.122 -0.9744 0.1575, 1.122 -1.1319 0.1575, 1.122 -0.2461 0.7244, 1.122 -0.187 0.7244, 1.122 -0.187 0.063, 0.1476 -1.1319 0.1575, 0.1476 -0.2461 0.7244, 0.0492 -0.2461 0.7244, 0.0492 -1.1319 0.1575, 0.3445 -1.1319 0.1575, 0.3445 -0.2461 0.7244, 0.2461 -0.2461 0.7244, 0.2461 -1.1319 0.1575, 0.5413 -1.1319 0.1575, 0.5413 -0.2461 0.7244, 0.4429 -1.1319 0.1575, 0.4429 -0.2461 0.7244, 0.7382 -1.1319 0.1575, 0.7382 -0.2461 0.7244, 0.6398 -0.2461 0.7244, 0.6398 -1.1319 0.1575, 1.1614 -0.1476 0.7244, 1.2106 -0.1476 0.7244, 1.2106 -0.1476 0.2756, 1.5551 -0.1476 0.7244, 1.6142 -0.1476 0.7244, 1.5551 -0.1476 0.2756, 1.6142 -0.1476 0.1024, 1.1614 -0.1476 0.1024, -1.6535 -0.2461 0.7244, -1.6535 -0.2461 0.063, -1.6535 -0.187 0.063, -1.6535 -0.187 0.7244, -1.2106 -0.2461 0.7244, -1.2106 -0.935 0.2756, -1.5551 -0.2461 0.7244, -1.5551 -0.935 0.2756, 1.6535 -0.2461 0.7244, 1.6535 -0.2461 0.063, 1.6535 -0.187 0.063, 1.6535 -0.187 0.7244, 1.2106 -0.2461 0.7244, 1.2106 -0.935 0.2756, 1.5551 -0.2461 0.7244, 1.5551 -0.935 0.2756, -0.8661 -0.9744 0.1575, -1.2598 -0.9744 0.1575, 1.2598 -0.9744 0.1575, 0.8661 -0.9744 0.1575, -0.8661 -1.1319 0.1575, 0.8661 -1.1319 0.1575, 0.8661 -1.1319 0.1575
            ]
        }
        coordIndex [
            0,1,2,-1,2,1,3,-1,4,5,6,-1,6,5,7,-1,7,8,6,-1,6,8,9,-1,6,9,10,-1,10,11,6,-1,6,11,12,-1,6,12,13,-1,14,15,16,-1,16,15,17,-1,16,17,18,-1,18,17,19,-1,20,21,22,-1,22,21,23,-1,24,19,25,-1,1,26,27,-1,28,29,27,-1,27,29,30,-1,27,30,31,-1,24,32,19,-1,19,32,33,-1,19,33,18,-1,34,35,1,-1,1,35,36,-1,1,36,3,-1,31,37,27,-1,27,37,38,-1,27,38,1,-1,1,38,39,-1,1,39,34,-1,25,40,41,-1,42,43,44,-1,44,45,42,-1,42,45,46,-1,42,46,47,-1,47,46,13,-1,48,49,50,-1,50,49,45,-1,50,45,51,-1,51,45,44,-1,51,44,52,-1,52,44,53,-1,40,25,54,-1,54,25,55,-1,54,55,56,-1,57,58,59,-1,59,58,60,-1,59,60,61,-1,61,60,62,-1,61,62,63,-1,64,65,66,-1,66,65,67,-1,66,67,68,-1,41,69,25,-1,25,69,70,-1,25,70,24,-1,57,59,66,-1,66,59,71,-1,66,71,64,-1,68,14,66,-1,66,14,16,-1,66,16,12,-1,12,16,72,-1,12,72,13,-1,13,72,73,-1,73,74,13,-1,13,74,75,-1,13,75,47,-1,47,75,76,-1,47,76,77,-1,77,78,47,-1,47,78,79,-1,47,79,80,-1,22,47,20,-1,20,47,80,-1,20,80,27,-1,27,80,81,-1,27,81,28,-1,21,0,23,-1,23,0,2,-1,23,2,82,-1,82,2,83,-1,2,84,83,-1,83,84,4,-1,83,4,42,-1,42,4,6,-1,42,6,43,-1,85,86,87,-1,87,86,88,-1,87,88,89,-1,90,91,92,-1,93,94,95,-1,96,97,87,-1,87,97,98,-1,87,98,85,-1,47,99,95,-1,94,100,95,-1,95,100,101,-1,95,101,102,-1,103,42,104,-1,104,42,47,-1,104,47,105,-1,105,47,95,-1,105,95,106,-1,106,95,102,-1,89,107,87,-1,87,107,108,-1,87,108,95,-1,95,108,109,-1,95,109,93,-1,92,99,90,-1,90,99,47,-1,90,47,110,-1,110,47,111,-1,110,111,112,-1,112,111,113,-1,112,113,114,-1,114,113,115,-1,114,115,116,-1,116,115,83,-1,116,83,87,-1,87,83,42,-1,87,42,96,-1,96,42,103,-1,117,118,119,-1,119,120,117,-1,117,120,121,-1,117,121,122,-1,123,124,125,-1,125,124,122,-1,125,122,126,-1,126,122,121,-1,126,121,127,-1,127,121,128,-1,129,130,131,-1,131,130,132,-1,133,134,135,-1,135,134,136,-1,137,138,139,-1,139,138,140,-1,141,142,143,-1,143,142,144,-1,145,146,147,-1,147,146,148,-1,149,150,151,-1,151,150,152,-1,153,154,155,-1,155,154,156,-1,157,158,159,-1,159,158,160,-1,161,162,163,-1,163,162,164,-1,165,166,167,-1,167,166,168,-1,169,170,171,-1,171,170,172,-1,171,172,173,-1,173,172,174,-1,173,174,175,-1,175,174,176,-1,177,178,179,-1,179,180,177,-1,177,180,181,-1,177,181,182,-1,183,184,185,-1,186,187,182,-1,188,189,181,-1,181,189,190,-1,181,190,182,-1,182,190,183,-1,182,183,186,-1,186,183,185,-1,191,192,193,-1,194,195,182,-1,193,194,191,-1,191,194,182,-1,191,182,196,-1,196,182,187,-1,196,187,197,-1,197,187,198,-1,199,200,201,-1,202,203,182,-1,201,202,199,-1,199,202,182,-1,199,182,204,-1,204,182,195,-1,204,195,205,-1,205,195,206,-1,207,208,209,-1,209,208,182,-1,209,182,210,-1,210,182,203,-1,210,203,211,-1,211,203,212,-1,111,213,113,-1,113,213,214,-1,113,214,115,-1,215,214,216,-1,216,214,213,-1,216,213,217,-1,217,213,218,-1,217,218,219,-1,219,218,220,-1,221,222,223,-1,223,222,224,-1,82,225,23,-1,23,225,226,-1,23,226,22,-1,225,227,228,-1,229,230,231,-1,231,230,232,-1,231,232,228,-1,228,232,226,-1,228,226,225,-1,233,234,235,-1,235,234,236,-1,124,123,232,-1,232,123,237,-1,232,237,226,-1,226,237,238,-1,226,238,22,-1,22,238,239,-1,22,239,240,-1,241,242,240,-1,240,242,243,-1,240,243,22,-1,22,243,244,-1,22,244,47,-1,245,246,247,-1,247,246,248,-1,249,250,251,-1,119,118,252,-1,252,118,218,-1,252,218,213,-1,253,254,47,-1,255,247,47,-1,47,247,248,-1,47,248,111,-1,111,248,256,-1,111,256,213,-1,213,256,257,-1,213,257,252,-1,251,253,249,-1,249,253,47,-1,249,47,258,-1,258,47,244,-1,258,244,259,-1,259,244,260,-1,261,262,263,-1,264,265,254,-1,254,265,266,-1,254,266,47,-1,47,266,267,-1,268,269,267,-1,267,269,270,-1,267,270,47,-1,47,270,261,-1,47,261,255,-1,255,261,263,-1,191,266,271,-1,271,266,265,-1,192,191,272,-1,272,191,271,-1,272,271,129,-1,129,271,130,-1,131,132,273,-1,273,132,274,-1,268,267,274,-1,274,267,196,-1,274,196,273,-1,273,196,197,-1,187,270,275,-1,275,270,269,-1,198,187,276,-1,276,187,275,-1,276,275,133,-1,133,275,134,-1,135,136,277,-1,277,136,278,-1,262,261,278,-1,278,261,186,-1,278,186,277,-1,277,186,185,-1,183,255,279,-1,279,255,263,-1,184,183,280,-1,280,183,279,-1,280,279,137,-1,137,279,138,-1,245,247,281,-1,281,247,190,-1,139,140,282,-1,282,140,281,-1,282,281,189,-1,189,281,190,-1,181,248,283,-1,283,248,246,-1,188,181,284,-1,284,181,283,-1,284,283,141,-1,141,283,142,-1,143,144,285,-1,285,144,286,-1,257,256,286,-1,286,256,180,-1,286,180,285,-1,285,180,179,-1,287,215,288,-1,288,215,216,-1,288,216,289,-1,146,145,288,-1,288,145,290,-1,288,290,287,-1,287,290,291,-1,287,291,292,-1,219,293,217,-1,217,293,294,-1,217,294,295,-1,147,148,296,-1,296,148,294,-1,296,294,297,-1,297,294,293,-1,297,293,298,-1,216,217,289,-1,289,217,295,-1,299,151,152,-1,300,301,302,-1,302,299,300,-1,300,299,152,-1,300,152,227,-1,227,152,303,-1,227,303,228,-1,228,303,304,-1,305,229,306,-1,306,229,231,-1,306,231,307,-1,150,149,306,-1,306,149,308,-1,306,308,305,-1,305,308,309,-1,305,309,310,-1,231,228,307,-1,307,228,304,-1,195,253,311,-1,311,253,251,-1,206,195,312,-1,312,195,311,-1,312,311,153,-1,153,311,154,-1,155,156,313,-1,313,156,314,-1,264,254,314,-1,314,254,194,-1,314,194,313,-1,313,194,193,-1,199,258,315,-1,315,258,259,-1,200,199,316,-1,316,199,315,-1,316,315,157,-1,157,315,158,-1,159,160,317,-1,317,160,318,-1,250,249,318,-1,318,249,204,-1,318,204,317,-1,317,204,205,-1,203,243,319,-1,319,243,242,-1,212,203,320,-1,320,203,319,-1,320,319,161,-1,161,319,162,-1,260,244,321,-1,321,244,202,-1,163,164,322,-1,322,164,321,-1,322,321,201,-1,201,321,202,-1,209,239,323,-1,323,239,238,-1,207,209,324,-1,324,209,323,-1,324,323,165,-1,165,323,166,-1,167,168,325,-1,325,168,326,-1,241,240,326,-1,326,240,210,-1,326,210,325,-1,325,210,211,-1,327,328,329,-1,330,331,332,-1,332,331,333,-1,332,333,329,-1,329,333,334,-1,329,334,327,-1,266,191,267,-1,267,191,196,-1,270,187,261,-1,261,187,186,-1,255,183,247,-1,247,183,190,-1,248,181,256,-1,256,181,180,-1,118,117,218,-1,218,117,335,-1,220,218,336,-1,336,218,335,-1,336,335,337,-1,337,335,338,-1,169,171,339,-1,339,171,340,-1,339,340,223,-1,223,340,221,-1,224,222,341,-1,341,222,342,-1,341,342,175,-1,175,342,173,-1,342,340,173,-1,173,340,171,-1,342,222,340,-1,340,222,221,-1,343,122,124,-1,232,230,344,-1,345,346,344,-1,344,346,343,-1,344,343,232,-1,232,343,124,-1,236,234,347,-1,347,234,348,-1,347,348,328,-1,328,348,329,-1,330,332,349,-1,349,332,350,-1,349,350,235,-1,235,350,233,-1,348,350,329,-1,329,350,332,-1,233,350,234,-1,234,350,348,-1,253,195,254,-1,254,195,194,-1,258,199,249,-1,249,199,204,-1,243,203,244,-1,244,203,202,-1,239,209,240,-1,240,209,210,-1,288,351,146,-1,146,351,121,-1,146,121,148,-1,148,121,120,-1,148,120,294,-1,294,120,352,-1,306,353,150,-1,150,353,125,-1,150,125,152,-1,152,125,126,-1,152,126,303,-1,303,126,354,-1,275,269,274,-1,274,269,268,-1,279,263,278,-1,278,263,262,-1,283,246,281,-1,281,246,245,-1,257,286,252,-1,252,286,355,-1,294,352,295,-1,295,352,252,-1,295,252,289,-1,289,252,355,-1,289,355,288,-1,288,355,351,-1,314,271,264,-1,264,271,265,-1,304,303,354,-1,323,238,356,-1,356,238,237,-1,354,356,304,-1,304,356,237,-1,304,237,307,-1,307,237,353,-1,307,353,306,-1,318,311,250,-1,250,311,251,-1,321,315,260,-1,260,315,259,-1,326,319,241,-1,241,319,242,-1,353,237,125,-1,125,237,123,-1,252,352,119,-1,119,352,120,-1,351,355,121,-1,121,355,128,-1,154,311,318,-1,355,286,128,-1,128,286,144,-1,128,144,142,-1,128,160,158,-1,315,321,158,-1,158,321,164,-1,158,164,128,-1,283,281,142,-1,142,281,140,-1,142,140,128,-1,128,140,138,-1,319,326,162,-1,162,326,168,-1,323,356,166,-1,166,356,127,-1,166,127,168,-1,168,127,128,-1,168,128,162,-1,162,128,164,-1,279,278,138,-1,138,278,136,-1,138,136,128,-1,128,136,134,-1,275,274,134,-1,134,274,132,-1,134,132,128,-1,128,132,130,-1,271,314,130,-1,130,314,156,-1,130,156,128,-1,128,156,154,-1,128,154,160,-1,160,154,318,-1,356,354,127,-1,127,354,126,-1,
        ]
    }
}
Shape{
    appearance Appearance {
        material  Material 	{
            diffuseColor 0.20784313725490197 0.20784313725490197 0.20784313725490197
            specularColor 0.01568627450980392 0.01568627450980392 0.01568627450980392
            ambientIntensity 0.2
            transparency 0
            shininess 0.5
        }
    }
    geometry IndexedFaceSet {
        ccw TRUE
        solid FALSE
        coord DEF co Coordinate {
            point [
                -0.2776 -1.2481 0.0039, -0.2776 -1.2481 0.0, -0.2905 -1.2969 0.0039, -0.2905 -1.2969 0.0, -0.2371 -1.2481 0.0039, -0.2371 -1.2481 0.0, -0.2242 -1.2969 0.0039, -0.2242 -1.2969 0.0, -0.2021 -1.2969 0.0039, -0.2021 -1.2969 0.0, -0.2479 -1.1385 0.0, -0.2481 -1.1376 0.0039, -0.2481 -1.1376 0.0, -0.2666 -1.1376 0.0039, -0.2666 -1.1376 0.0, -0.2668 -1.1385 0.0, -0.3126 -1.2969 0.0039, -0.3126 -1.2969 0.0, -0.2417 -1.2306 0.0039, -0.2564 -1.1744 0.0039, -0.273 -1.2306 0.0039, -0.2583 -1.1744 0.0039, -0.2564 -1.1744 0.0, -0.2583 -1.1744 0.0, -0.2417 -1.2306 0.0, -0.273 -1.2306 0.0, -0.0916 -1.2969 0.0039, -0.0916 -1.2969 0.0, -0.1229 -1.2969 0.0039, -0.1229 -1.2969 0.0, -0.0916 -1.1394 0.0039, -0.0916 -1.1394 0.0, -0.1229 -1.1394 0.0039, -0.1229 -1.1394 0.0, -0.1892 -1.2186 0.0039, -0.1892 -1.2186 0.0, -0.1891 -1.2143 0.0, -0.1891 -1.2143 0.0039, -0.1855 -1.1836 0.0, -0.1855 -1.1836 0.0039, -0.1795 -1.1674 0.0, -0.1795 -1.1674 0.0039, -0.1728 -1.1575 0.0, -0.1728 -1.1575 0.0039, -0.1647 -1.1504 0.0, -0.1647 -1.1504 0.0039, -0.1541 -1.1447 0.0, -0.1541 -1.1447 0.0039, -0.1401 -1.1408 0.0, -0.1401 -1.1408 0.0039, -0.1326 -1.2964 0.0, -0.1326 -1.2964 0.0039, -0.1499 -1.2925 0.0, -0.1499 -1.2925 0.0039, -0.1624 -1.2862 0.0, -0.1624 -1.2862 0.0039, -0.1715 -1.2787 0.0, -0.1715 -1.2787 0.0039, -0.1781 -1.2702 0.0, -0.1781 -1.2702 0.0039, -0.1837 -1.2579 0.0, -0.1837 -1.2579 0.0039, -0.1877 -1.2413 0.0, -0.1877 -1.2413 0.0039, -0.1128 -1.1569 0.0039, -0.1128 -1.2794 0.0039, -0.1229 -1.2794 0.0039, -0.1353 -1.2782 0.0039, -0.144 -1.2753 0.0039, -0.151 -1.2711 0.0039, -0.1564 -1.2656 0.0039, -0.1606 -1.2587 0.0039, -0.1647 -1.2457 0.0039, -0.1229 -1.1569 0.0039, -0.1264 -1.157 0.0039, -0.1381 -1.159 0.0039, -0.1462 -1.1623 0.0039, -0.1528 -1.1673 0.0039, -0.1579 -1.1734 0.0039, -0.1621 -1.1821 0.0039, -0.1656 -1.1966 0.0039, -0.1671 -1.2186 0.0039, -0.1128 -1.1569 0.0, -0.1229 -1.1569 0.0, -0.1128 -1.2794 0.0, -0.1229 -1.2794 0.0, -0.1671 -1.2186 0.0, -0.1647 -1.2457 0.0, -0.1606 -1.2587 0.0, -0.1564 -1.2656 0.0, -0.151 -1.2711 0.0, -0.144 -1.2753 0.0, -0.1353 -1.2782 0.0, -0.1264 -1.157 0.0, -0.1381 -1.159 0.0, -0.1462 -1.1623 0.0, -0.1528 -1.1673 0.0, -0.1579 -1.1734 0.0, -0.1621 -1.1821 0.0, -0.1656 -1.1966 0.0, 0.0235 -1.1394 0.0039, 0.0235 -1.1394 0.0, 0.0235 -1.2969 0.0039, 0.0235 -1.2969 0.0, -0.0658 -1.1394 0.0039, -0.0658 -1.1394 0.0, -0.0658 -1.1569 0.0039, -0.0658 -1.1569 0.0, 0.0024 -1.1569 0.0039, 0.0024 -1.1569 0.0, 0.0024 -1.2058 0.0039, 0.0024 -1.2058 0.0, -0.0603 -1.2058 0.0039, -0.0603 -1.2058 0.0, -0.0603 -1.2233 0.0039, -0.0603 -1.2233 0.0, 0.0024 -1.2233 0.0039, 0.0024 -1.2233 0.0, 0.0024 -1.2794 0.0039, 0.0024 -1.2794 0.0, -0.0704 -1.2794 0.0039, -0.0704 -1.2794 0.0, -0.0704 -1.2969 0.0039, -0.0704 -1.2969 0.0, 0.146 -1.2233 0.0039, 0.146 -1.2233 0.0, 0.1435 -1.2514 0.0, 0.1435 -1.2514 0.0039, 0.1382 -1.2685 0.0, 0.1382 -1.2685 0.0039, 0.1323 -1.2785 0.0, 0.1323 -1.2785 0.0039, 0.124 -1.2871 0.0, 0.124 -1.2871 0.0039, 0.115 -1.2933 0.0, 0.115 -1.2933 0.0039, 0.1047 -1.2973 0.0, 0.1047 -1.2973 0.0039, 0.0926 -1.2988 0.0, 0.0926 -1.2988 0.0039, 0.0917 -1.1376 0.0, 0.1002 -1.1385 0.0, 0.0917 -1.1376 0.0039, 0.1024 -1.1388 0.0039, 0.1024 -1.1388 0.0, 0.112 -1.1422 0.0, 0.112 -1.1422 0.0039, 0.1211 -1.1481 0.0, 0.1211 -1.1481 0.0039, 0.1298 -1.1574 0.0, 0.1298 -1.1574 0.0039, 0.1378 -1.1715 0.0, 0.1378 -1.1715 0.0039, 0.1436 -1.1922 0.0, 0.1436 -1.1922 0.0039, 0.0845 -1.1385 0.0, 0.0795 -1.1392 0.0039, 0.0795 -1.1392 0.0, 0.0704 -1.1428 0.0039, 0.0704 -1.1428 0.0, 0.0622 -1.1486 0.0039, 0.0622 -1.1486 0.0, 0.0546 -1.1574 0.0039, 0.0546 -1.1574 0.0, 0.0493 -1.168 0.0039, 0.0493 -1.168 0.0, 0.0461 -1.1828 0.0039, 0.0461 -1.1828 0.0, 0.0456 -1.1956 0.0039, 0.0456 -1.1956 0.0, 0.0659 -1.1956 0.0039, 0.0659 -1.1956 0.0, 0.0917 -1.1551 0.0039, 0.0917 -1.1551 0.0, 0.0903 -1.1551 0.0, 0.0903 -1.1551 0.0039, 0.0843 -1.1561 0.0, 0.0843 -1.1561 0.0039, 0.0797 -1.158 0.0, 0.0797 -1.158 0.0039, 0.0756 -1.1612 0.0, 0.0756 -1.1612 0.0039, 0.0723 -1.1652 0.0, 0.0723 -1.1652 0.0039, 0.0698 -1.1703 0.0, 0.0698 -1.1703 0.0039, 0.0671 -1.1802 0.0, 0.0671 -1.1802 0.0039, 0.1239 -1.2214 0.0039, 0.1239 -1.2214 0.0, 0.122 -1.1924 0.0, 0.122 -1.1924 0.0039, 0.1181 -1.1765 0.0, 0.1181 -1.1765 0.0039, 0.1133 -1.1673 0.0, 0.1133 -1.1673 0.0039, 0.1086 -1.1618 0.0, 0.1086 -1.1618 0.0039, 0.1037 -1.1582 0.0, 0.1037 -1.1582 0.0039, 0.0984 -1.156 0.0, 0.0984 -1.156 0.0039, 0.0926 -1.2813 0.0039, 0.0926 -1.2813 0.0, 0.0982 -1.2807 0.0, 0.0982 -1.2807 0.0039, 0.1034 -1.2789 0.0, 0.1034 -1.2789 0.0039, 0.1083 -1.2757 0.0, 0.1083 -1.2757 0.0039, 0.1141 -1.2696 0.0, 0.1141 -1.2696 0.0039, 0.1181 -1.2623 0.0, 0.1181 -1.2623 0.0039, 0.1216 -1.2504 0.0, 0.1216 -1.2504 0.0039, 0.0659 -1.2343 0.0039, 0.0659 -1.2343 0.0, 0.0666 -1.2493 0.0, 0.0666 -1.2493 0.0039, 0.0694 -1.2626 0.0, 0.0694 -1.2626 0.0039, 0.0724 -1.2692 0.0, 0.0724 -1.2692 0.0039, 0.0762 -1.2738 0.0, 0.0762 -1.2738 0.0039, 0.0818 -1.2782 0.0, 0.0818 -1.2782 0.0039, 0.0869 -1.2804 0.0, 0.0869 -1.2804 0.0039, 0.0447 -1.2343 0.0039, 0.0447 -1.2343 0.0, 0.0831 -1.2978 0.0, 0.0831 -1.2978 0.0039, 0.0738 -1.2947 0.0, 0.0738 -1.2947 0.0039, 0.0643 -1.2886 0.0, 0.0643 -1.2886 0.0039, 0.0562 -1.28 0.0, 0.0562 -1.28 0.0039, 0.051 -1.2703 0.0, 0.051 -1.2703 0.0039, 0.0468 -1.2556 0.0, 0.0468 -1.2556 0.0039, 0.2611 -1.1394 0.0039, 0.2611 -1.1394 0.0, 0.2611 -1.2969 0.0039, 0.2611 -1.2969 0.0, 0.24 -1.1394 0.0039, 0.24 -1.1394 0.0, 0.24 -1.2794 0.0039, 0.24 -1.2794 0.0, 0.1654 -1.2794 0.0039, 0.1654 -1.2794 0.0, 0.1654 -1.2969 0.0039, 0.1654 -1.2969 0.0, 0.1654 -1.2969 0.0
            ]
        }
        coordIndex [
            0,1,2,-1,2,1,3,-1,4,5,0,-1,0,5,1,-1,6,7,4,-1,4,7,5,-1,8,9,6,-1,6,9,7,-1,9,8,10,-1,10,8,11,-1,10,11,12,-1,13,14,11,-1,11,14,12,-1,14,13,15,-1,15,13,16,-1,15,16,17,-1,16,2,17,-1,17,2,3,-1,18,19,11,-1,20,16,13,-1,11,19,13,-1,13,19,21,-1,13,21,20,-1,8,6,4,-1,2,16,0,-1,0,16,20,-1,0,20,4,-1,4,20,18,-1,4,18,8,-1,8,18,11,-1,19,22,21,-1,21,22,23,-1,18,24,19,-1,19,24,22,-1,20,25,18,-1,18,25,24,-1,23,25,21,-1,21,25,20,-1,26,27,28,-1,28,27,29,-1,30,31,26,-1,26,31,27,-1,32,33,30,-1,30,33,31,-1,34,35,36,-1,34,36,37,-1,37,36,38,-1,37,38,39,-1,39,38,40,-1,39,40,41,-1,41,40,42,-1,41,42,43,-1,43,42,44,-1,43,44,45,-1,45,44,46,-1,45,46,47,-1,47,46,48,-1,47,48,49,-1,49,48,33,-1,49,33,32,-1,28,29,50,-1,28,50,51,-1,51,50,52,-1,51,52,53,-1,53,52,54,-1,53,54,55,-1,55,54,56,-1,55,56,57,-1,57,56,58,-1,57,58,59,-1,59,58,60,-1,59,60,61,-1,61,60,62,-1,61,62,63,-1,63,62,35,-1,63,35,34,-1,32,30,64,-1,64,30,65,-1,65,30,26,-1,65,26,66,-1,66,26,28,-1,66,28,67,-1,67,28,51,-1,67,51,68,-1,68,51,53,-1,68,53,69,-1,69,53,55,-1,69,55,70,-1,70,55,57,-1,70,57,71,-1,71,57,59,-1,71,59,72,-1,64,73,32,-1,32,73,74,-1,32,74,49,-1,49,74,75,-1,49,75,47,-1,47,75,76,-1,47,76,45,-1,45,76,77,-1,45,77,43,-1,43,77,78,-1,43,78,41,-1,41,78,79,-1,41,79,39,-1,39,79,80,-1,39,80,37,-1,37,80,81,-1,59,61,72,-1,72,61,63,-1,72,63,81,-1,81,63,34,-1,81,34,37,-1,64,82,73,-1,73,82,83,-1,65,84,64,-1,64,84,82,-1,66,85,65,-1,65,85,84,-1,81,86,87,-1,81,87,72,-1,72,87,88,-1,72,88,71,-1,71,88,89,-1,71,89,70,-1,70,89,90,-1,70,90,69,-1,69,90,91,-1,69,91,68,-1,68,91,92,-1,68,92,67,-1,67,92,85,-1,67,85,66,-1,73,83,93,-1,73,93,74,-1,74,93,94,-1,74,94,75,-1,75,94,95,-1,75,95,76,-1,76,95,96,-1,76,96,77,-1,77,96,97,-1,77,97,78,-1,78,97,98,-1,78,98,79,-1,79,98,99,-1,79,99,80,-1,80,99,86,-1,80,86,81,-1,100,101,102,-1,102,101,103,-1,104,105,100,-1,100,105,101,-1,106,107,104,-1,104,107,105,-1,108,109,106,-1,106,109,107,-1,110,111,108,-1,108,111,109,-1,112,113,110,-1,110,113,111,-1,114,115,112,-1,112,115,113,-1,116,117,114,-1,114,117,115,-1,118,119,116,-1,116,119,117,-1,120,121,118,-1,118,121,119,-1,122,123,120,-1,120,123,121,-1,122,102,123,-1,123,102,103,-1,102,122,120,-1,120,118,102,-1,102,118,116,-1,102,116,100,-1,106,104,108,-1,108,104,100,-1,108,100,110,-1,110,100,116,-1,110,116,112,-1,112,116,114,-1,124,125,126,-1,124,126,127,-1,127,126,128,-1,127,128,129,-1,129,128,130,-1,129,130,131,-1,131,130,132,-1,131,132,133,-1,133,132,134,-1,133,134,135,-1,135,134,136,-1,135,136,137,-1,137,136,138,-1,137,138,139,-1,140,141,142,-1,142,141,143,-1,141,144,143,-1,143,144,145,-1,143,145,146,-1,146,145,147,-1,146,147,148,-1,148,147,149,-1,148,149,150,-1,150,149,151,-1,150,151,152,-1,152,151,153,-1,152,153,154,-1,154,153,125,-1,154,125,124,-1,140,142,155,-1,155,142,156,-1,155,156,157,-1,157,156,158,-1,157,158,159,-1,159,158,160,-1,159,160,161,-1,161,160,162,-1,161,162,163,-1,163,162,164,-1,163,164,165,-1,165,164,166,-1,165,166,167,-1,167,166,168,-1,167,168,169,-1,170,171,168,-1,168,171,169,-1,172,173,174,-1,172,174,175,-1,175,174,176,-1,175,176,177,-1,177,176,178,-1,177,178,179,-1,179,178,180,-1,179,180,181,-1,181,180,182,-1,181,182,183,-1,183,182,184,-1,183,184,185,-1,185,184,186,-1,185,186,187,-1,187,186,171,-1,187,171,170,-1,188,189,190,-1,188,190,191,-1,191,190,192,-1,191,192,193,-1,193,192,194,-1,193,194,195,-1,195,194,196,-1,195,196,197,-1,197,196,198,-1,197,198,199,-1,199,198,200,-1,199,200,201,-1,201,200,173,-1,201,173,172,-1,202,203,204,-1,202,204,205,-1,205,204,206,-1,205,206,207,-1,207,206,208,-1,207,208,209,-1,209,208,210,-1,209,210,211,-1,211,210,212,-1,211,212,213,-1,213,212,214,-1,213,214,215,-1,215,214,189,-1,215,189,188,-1,216,217,218,-1,216,218,219,-1,219,218,220,-1,219,220,221,-1,221,220,222,-1,221,222,223,-1,223,222,224,-1,223,224,225,-1,225,224,226,-1,225,226,227,-1,227,226,228,-1,227,228,229,-1,229,228,203,-1,229,203,202,-1,230,231,216,-1,216,231,217,-1,139,138,232,-1,139,232,233,-1,233,232,234,-1,233,234,235,-1,235,234,236,-1,235,236,237,-1,237,236,238,-1,237,238,239,-1,239,238,240,-1,239,240,241,-1,241,240,242,-1,241,242,243,-1,243,242,231,-1,243,231,230,-1,170,168,187,-1,187,168,166,-1,187,166,185,-1,185,166,164,-1,185,164,183,-1,183,164,162,-1,183,162,181,-1,181,162,160,-1,181,160,179,-1,179,160,158,-1,179,158,177,-1,177,158,156,-1,177,156,175,-1,175,156,142,-1,230,216,243,-1,243,216,219,-1,243,219,241,-1,241,219,221,-1,241,221,239,-1,239,221,223,-1,239,223,237,-1,237,223,225,-1,237,225,235,-1,235,225,227,-1,235,227,233,-1,233,227,229,-1,233,229,139,-1,139,229,202,-1,139,202,137,-1,137,202,205,-1,137,205,135,-1,135,205,207,-1,135,207,133,-1,133,207,209,-1,133,209,131,-1,131,209,211,-1,131,211,129,-1,129,211,213,-1,129,213,127,-1,127,213,215,-1,127,215,124,-1,124,215,188,-1,124,188,154,-1,154,188,191,-1,154,191,152,-1,152,191,193,-1,152,193,150,-1,150,193,195,-1,150,195,148,-1,148,195,197,-1,148,197,146,-1,146,197,199,-1,146,199,143,-1,143,199,201,-1,143,201,142,-1,142,201,172,-1,142,172,175,-1,244,245,246,-1,246,245,247,-1,248,249,244,-1,244,249,245,-1,250,251,248,-1,248,251,249,-1,252,253,250,-1,250,253,251,-1,254,255,252,-1,252,255,253,-1,254,246,255,-1,255,246,247,-1,248,244,250,-1,250,244,246,-1,250,246,252,-1,252,246,254,-1,
        ]
    }
}
Shape{
    appearance Appearance {
        material  Material 	{
            diffuseColor 0.8431372549019608 0.8156862745098039 0.7529411764705882
            specularColor 0.25098039215686274 0.24313725490196078 0.22745098039215686
            ambientIntensity 0.2
            transparency 0
            shininess 0.5
        }
    }
    geometry IndexedFaceSet {
        ccw TRUE
        solid FALSE
        coord DEF co Coordinate {
            point [
                -0.2564 -1.1744 0.0, -0.2417 -1.2306 0.0, -0.2583 -1.1744 0.0, -0.273 -1.2306 0.0, -0.1381 -1.159 0.0, -0.1264 -1.157 0.0, -0.1621 -1.1821 0.0, -0.1128 -1.1569 0.0, -0.1128 -1.2794 0.0, -0.1229 -1.1569 0.0, -0.1229 -1.2794 0.0, -0.1647 -1.2457 0.0, -0.1671 -1.2186 0.0, -0.1656 -1.1966 0.0, -0.1353 -1.2782 0.0, -0.144 -1.2753 0.0, -0.1606 -1.2587 0.0, -0.151 -1.2711 0.0, -0.1564 -1.2656 0.0, -0.1579 -1.1734 0.0, -0.1528 -1.1673 0.0, -0.1462 -1.1623 0.0, -0.2461 -0.2461 0.7244, -0.1476 -0.2461 0.7244, -0.2461 -0.1476 0.7244, -0.1476 -0.1476 0.7244, -0.4429 -0.2461 0.7244, -0.3445 -0.2461 0.7244, -0.4429 -0.1476 0.7244, -0.3445 -0.1476 0.7244, -0.6398 -0.2461 0.7244, -0.5413 -0.2461 0.7244, -0.6398 -0.1476 0.7244, -0.5413 -0.1476 0.7244, -1.0433 -0.187 0.7244, -1.0433 -0.2461 0.7244, -1.0039 -0.1476 0.7244, -0.7382 -0.2461 0.7244, -0.7382 -0.1476 0.7244, 0.0492 -0.2461 0.7244, 0.0492 -0.1476 0.7244, -0.0492 -0.2461 0.7244, -0.0492 -0.1476 0.7244, -1.1614 -0.1476 0.7244, -1.2106 -0.1476 0.7244, -1.122 -0.187 0.7244, -1.2106 -0.2461 0.7244, -1.122 -0.2461 0.7244, 1.0039 -0.1476 0.7244, 0.7382 -0.1476 0.7244, 1.0433 -0.187 0.7244, 0.7382 -0.2461 0.7244, 1.0433 -0.2461 0.7244, 1.122 -0.187 0.7244, 1.122 -0.2461 0.7244, 1.1614 -0.1476 0.7244, 1.2106 -0.2461 0.7244, 1.2106 -0.1476 0.7244, 0.2461 -0.2461 0.7244, 0.2461 -0.1476 0.7244, 0.1476 -0.2461 0.7244, 0.1476 -0.1476 0.7244, 0.4429 -0.2461 0.7244, 0.4429 -0.1476 0.7244, 0.3445 -0.2461 0.7244, 0.3445 -0.1476 0.7244, 0.6398 -0.2461 0.7244, 0.6398 -0.1476 0.7244, 0.5413 -0.2461 0.7244, 0.5413 -0.1476 0.7244, -1.5551 -0.1476 0.7244, -1.6142 -0.1476 0.7244, -1.5551 -0.2461 0.7244, -1.6535 -0.187 0.7244, -1.6535 -0.2461 0.7244, 1.6535 -0.2461 0.7244, 1.6535 -0.187 0.7244, 1.5551 -0.2461 0.7244, 1.6142 -0.1476 0.7244, 1.5551 -0.1476 0.7244, 0.0492 -0.2461 0.7283, -0.5413 -0.2461 0.7283, -1.6535 -0.2461 0.7874, -0.4429 -0.2461 0.7283, 1.6535 -0.2461 0.7874, -0.3445 -0.2461 0.7283, 1.5551 -0.2461 0.748, 1.2106 -0.2461 0.748, 1.122 -0.2461 0.7283, -0.6398 -0.2461 0.7283, -0.7382 -0.2461 0.7283, -1.2106 -0.2461 0.748, 1.0433 -0.2461 0.7283, 0.7382 -0.2461 0.7283, 0.6398 -0.2461 0.7283, -1.5551 -0.2461 0.748, 0.5413 -0.2461 0.7283, 0.4429 -0.2461 0.7283, -0.0492 -0.2461 0.7283, -0.1476 -0.2461 0.7283, 0.3445 -0.2461 0.7283, 0.2461 -0.2461 0.7283, 0.1476 -0.2461 0.7283, -0.2461 -0.2461 0.7283, -1.122 -0.2461 0.7283, -1.0433 -0.2461 0.7283, 1.6535 -0.2461 0.063, 1.6535 -0.2461 0.0591, 1.122 -0.2461 0.063, 1.122 -0.2461 0.0591, 1.6535 -0.187 0.063, 1.122 -0.187 0.063, 1.0433 -0.2461 0.063, 1.0433 -0.2461 0.0591, 1.0236 -0.2461 0.0591, -0.081 -0.2461 0.0, -1.0236 -0.2461 0.0, -1.0236 -0.2461 0.0591, -1.0433 -0.2461 0.0591, -1.0433 -0.2461 0.063, 1.0236 -0.2461 0.0, 1.0433 -0.187 0.063, 1.0039 -0.1476 0.063, -1.0039 -0.1476 0.063, -1.0433 -0.187 0.063, -1.122 -0.187 0.063, -1.122 -0.2461 0.063, -1.6535 -0.187 0.063, -1.6535 -0.2461 0.063, -1.6535 -0.2461 0.0591, -1.122 -0.2461 0.0591, 1.1614 -0.1476 0.1024, 1.6142 -0.1476 0.1024, -1.1614 -0.1476 0.1024, -1.6142 -0.1476 0.1024, -1.6142 -0.1476 0.1024
            ]
        }
        coordIndex [
            0,1,2,-1,2,1,3,-1,4,5,6,-1,7,8,9,-1,9,8,10,-1,9,10,5,-1,11,12,10,-1,10,12,5,-1,5,12,13,-1,5,13,6,-1,10,14,11,-1,11,14,15,-1,11,15,16,-1,16,15,17,-1,16,17,18,-1,19,20,6,-1,6,20,21,-1,6,21,4,-1,22,23,24,-1,24,23,25,-1,26,27,28,-1,28,27,29,-1,30,31,32,-1,32,31,33,-1,34,35,36,-1,36,35,37,-1,36,37,38,-1,39,40,41,-1,41,40,42,-1,43,44,45,-1,45,44,46,-1,45,46,47,-1,48,49,50,-1,50,49,51,-1,50,51,52,-1,53,54,55,-1,55,54,56,-1,55,56,57,-1,58,59,60,-1,60,59,61,-1,62,63,64,-1,64,63,65,-1,66,67,68,-1,68,67,69,-1,70,71,72,-1,72,71,73,-1,72,73,74,-1,75,76,77,-1,77,76,78,-1,77,78,79,-1,80,39,41,-1,81,82,83,-1,83,82,84,-1,81,31,30,-1,85,27,26,-1,75,77,84,-1,84,77,86,-1,84,86,87,-1,56,54,87,-1,87,54,88,-1,89,90,91,-1,52,51,92,-1,92,51,93,-1,88,92,87,-1,87,92,93,-1,87,93,84,-1,84,93,94,-1,72,74,95,-1,95,74,82,-1,95,82,91,-1,91,82,81,-1,91,81,89,-1,89,81,30,-1,66,68,94,-1,94,68,96,-1,94,96,84,-1,84,96,97,-1,84,98,99,-1,62,64,97,-1,97,64,100,-1,97,100,84,-1,84,100,101,-1,58,60,101,-1,101,60,102,-1,101,102,84,-1,84,102,80,-1,84,80,98,-1,98,80,41,-1,26,83,85,-1,85,83,84,-1,85,84,103,-1,103,84,99,-1,103,99,22,-1,22,99,23,-1,47,46,104,-1,104,46,91,-1,104,91,105,-1,105,91,90,-1,105,90,35,-1,35,90,37,-1,106,107,108,-1,108,107,109,-1,110,106,111,-1,111,106,108,-1,112,113,114,-1,115,116,117,-1,118,119,117,-1,117,119,112,-1,117,112,115,-1,115,112,114,-1,115,114,120,-1,121,112,119,-1,122,121,123,-1,123,121,119,-1,123,119,124,-1,125,126,127,-1,127,126,128,-1,129,128,130,-1,130,128,126,-1,131,111,55,-1,55,111,53,-1,132,110,131,-1,131,110,111,-1,110,132,76,-1,76,132,78,-1,121,122,50,-1,50,122,48,-1,123,124,36,-1,36,124,34,-1,125,133,45,-1,45,133,43,-1,127,134,125,-1,125,134,133,-1,134,127,71,-1,71,127,73,-1,
        ]
    }
}
Shape{
    appearance Appearance {
        material  Material 	{
            diffuseColor 0.20784313725490197 0.20784313725490197 0.20784313725490197
            specularColor 0.01568627450980392 0.01568627450980392 0.01568627450980392
            ambientIntensity 0.2
            transparency 0
            shininess 0.5
        }
    }
    geometry IndexedFaceSet {
        ccw TRUE
        solid FALSE
        coord DEF co Coordinate {
            point [
                -0.812 -1.5689 0.7283, -1.2402 -1.5689 0.7283, -1.2402 -1.6634 0.7874, 1.2402 -1.6634 0.7874, 1.2402 -1.5689 0.7283, 0.812 -1.5689 0.7283, 0.812 -1.5059 0.689, -0.812 -1.5059 0.689, 0.812 -1.1516 0.689, 0.7382 -1.1516 0.689, 0.7382 -1.3878 0.689, 0.6398 -1.3878 0.689, 0.4429 -1.3878 0.689, 0.4429 -1.1516 0.689, 0.3445 -1.1516 0.689, 0.3445 -1.3878 0.689, 0.2461 -1.3878 0.689, 0.5413 -1.3878 0.689, 0.5413 -1.1516 0.689, 0.6398 -1.1516 0.689, 0.0492 -1.3878 0.689, 0.0492 -1.1516 0.689, -0.0492 -1.1516 0.689, -0.0492 -1.3878 0.689, -0.1476 -1.3878 0.689, 0.1476 -1.3878 0.689, 0.1476 -1.1516 0.689, 0.2461 -1.1516 0.689, -0.3445 -1.3878 0.689, -0.3445 -1.1516 0.689, -0.4429 -1.1516 0.689, -0.4429 -1.3878 0.689, -0.5413 -1.3878 0.689, -0.2461 -1.3878 0.689, -0.2461 -1.1516 0.689, -0.1476 -1.1516 0.689, -0.7382 -1.1516 0.689, -0.812 -1.1516 0.689, -0.7382 -1.3878 0.689, -0.6398 -1.3878 0.689, -0.6398 -1.1516 0.689, -0.5413 -1.1516 0.689, 0.937 -2.0571 0.4252, 0.8268 -2.0571 0.4252, 0.8268 -2.056 0.417, 0.9289 -2.056 0.417, 0.8268 -2.0529 0.4094, 0.9213 -2.0529 0.4094, 0.8268 -2.0479 0.4029, 0.9147 -2.0479 0.4029, 0.8268 -2.0413 0.3979, 0.9097 -2.0413 0.3979, 0.912 -2.0448 0.4002, 0.8268 -2.0337 0.3948, 0.8268 -2.0256 0.3937, 0.9055 -2.0256 0.3937, 0.9058 -2.0297 0.394, 0.9066 -2.0337 0.3948, 0.9079 -2.0376 0.3961, -0.8858 -1.1516 0.7283, -0.812 -1.1516 0.7283, -0.7382 -1.1516 0.3937, -0.8858 -1.1516 0.3937, -0.3445 -1.1516 0.3937, -0.4429 -1.1516 0.3937, -0.1476 -1.1516 0.3937, -0.2461 -1.1516 0.3937, 0.0492 -1.1516 0.3937, -0.0492 -1.1516 0.3937, 0.2461 -1.1516 0.3937, 0.1476 -1.1516 0.3937, 0.4429 -1.1516 0.3937, 0.3445 -1.1516 0.3937, 0.6398 -1.1516 0.3937, 0.5413 -1.1516 0.3937, 0.812 -1.1516 0.7283, 0.8858 -1.1516 0.7283, 0.8858 -1.1516 0.3937, 0.7382 -1.1516 0.3937, -1.4646 -2.0256 0.7874, 1.4646 -2.0256 0.7874, 1.2402 -1.8209 0.7874, 1.4646 -1.8209 0.7874, -1.4646 -1.8209 0.7874, -1.2402 -1.8209 0.7874, -1.2402 -0.9941 0.7283, -0.8858 -0.9941 0.7283, -1.2402 -0.9941 0.3937, -0.8858 -0.9941 0.3937, 0.8858 -0.9941 0.3937, 1.2402 -0.9941 0.3937, 0.9055 -1.8209 0.3937, 1.2402 -1.8209 0.3937, 0.8268 -1.8209 0.3937, -0.8268 -1.8209 0.3937, -1.2402 -1.8209 0.3937, -0.9055 -1.8209 0.3937, -0.9055 -2.0256 0.3937, -0.8268 -2.0256 0.3937, -0.7382 -1.3878 0.3937, -0.6398 -1.3878 0.3937, -0.4429 -1.3878 0.3937, -0.3445 -1.3878 0.3937, -0.2461 -1.3878 0.3937, -0.5413 -1.3878 0.3937, -0.5413 -1.1516 0.3937, -0.6398 -1.1516 0.3937, -0.0492 -1.3878 0.3937, 0.0492 -1.3878 0.3937, 0.1476 -1.3878 0.3937, -0.1476 -1.3878 0.3937, 0.3445 -1.3878 0.3937, 0.4429 -1.3878 0.3937, 0.5413 -1.3878 0.3937, 0.2461 -1.3878 0.3937, 0.7382 -1.3878 0.3937, 0.6398 -1.3878 0.3937, -1.4961 -1.8524 0.2283, -1.4961 -2.0256 0.2283, -1.4961 -1.8524 0.7559, -1.4961 -2.0256 0.7559, -0.9055 -1.8209 0.2283, -1.4646 -1.8209 0.2283, -0.937 -1.8524 0.1969, -0.937 -2.0256 0.1969, -1.4646 -1.8524 0.1969, -1.4646 -2.0256 0.1969, -0.937 -2.0571 0.4252, -0.8268 -2.0571 0.4252, -0.8268 -2.0571 0.6839, -1.4646 -2.0571 0.7559, -1.4646 -2.0571 0.2283, -0.937 -2.0571 0.2283, 0.8268 -2.0571 0.6839, 1.4646 -2.0571 0.7559, 0.937 -2.0571 0.2283, 1.4646 -2.0571 0.2283, 1.2402 -0.9941 0.7283, 0.8858 -0.9941 0.7283, 1.4646 -1.8209 0.2283, 0.9055 -1.8209 0.2283, 1.4646 -2.0256 0.1969, 0.937 -2.0256 0.1969, 1.4646 -1.8524 0.1969, 0.937 -1.8524 0.1969, 1.4961 -2.0256 0.7559, 1.4961 -2.0256 0.2283, 1.4961 -1.8524 0.7559, 1.4961 -1.8524 0.2283, -0.9055 -2.0256 0.2283, 0.9055 -2.0256 0.2283, -0.9289 -2.056 0.2283, -0.9289 -2.056 0.417, -0.9213 -2.0529 0.2283, -0.9213 -2.0529 0.4094, -0.9147 -2.0479 0.2283, -0.9147 -2.0479 0.4029, -0.9097 -2.0413 0.2283, -0.9097 -2.0413 0.3979, -0.912 -2.0448 0.4002, -0.9066 -2.0337 0.2283, -0.9058 -2.0297 0.394, -0.9066 -2.0337 0.3948, -0.9079 -2.0376 0.3961, -0.9058 -1.8211 0.2242, -0.9066 -2.0256 0.2202, -0.9097 -2.0256 0.2126, -0.9079 -1.8233 0.2163, -0.9066 -1.8219 0.2202, -0.9147 -1.8301 0.2061, -0.912 -1.8274 0.2092, -0.9097 -1.8251 0.2126, -0.9147 -2.0256 0.2061, -0.9213 -2.0256 0.2011, -0.9213 -1.8366 0.2011, -0.9289 -2.0256 0.1979, -0.9289 -1.8442 0.1979, -0.8268 -2.0337 0.3948, -0.8268 -2.0413 0.3979, -0.8268 -2.0479 0.4029, -0.8268 -2.0529 0.4094, -0.8268 -2.056 0.417, -0.9076 -2.0335 0.2202, -0.9107 -2.0408 0.2202, -0.9107 -2.0327 0.2126, -0.9134 -2.0392 0.2126, -0.9155 -2.0314 0.2061, -0.9177 -2.0367 0.2061, -0.9218 -2.0297 0.2011, -0.9234 -2.0335 0.2011, -0.9291 -2.0277 0.1979, -0.9299 -2.0297 0.1979, -0.9155 -2.0471 0.2202, -0.9177 -2.0449 0.2126, -0.9213 -2.0413 0.2061, -0.9259 -2.0367 0.2011, -0.9312 -2.0314 0.1979, -0.9218 -2.0519 0.2202, -0.9291 -2.055 0.2202, -0.9234 -2.0492 0.2126, -0.9299 -2.0519 0.2126, -0.9259 -2.0449 0.2061, -0.9312 -2.0471 0.2061, -0.9291 -2.0392 0.2011, -0.9329 -2.0408 0.2011, -0.9329 -2.0327 0.1979, -0.9349 -2.0335 0.1979, -0.937 -2.056 0.2202, -0.937 -2.0529 0.2126, -0.937 -2.0479 0.2061, -0.937 -2.0413 0.2011, -0.937 -2.0337 0.1979, -1.4646 -1.8442 0.1979, -1.4646 -1.8366 0.2011, -1.4646 -1.8301 0.2061, -1.4646 -1.8251 0.2126, -1.4646 -1.8219 0.2202, 0.9066 -2.0337 0.2283, 0.9097 -2.0413 0.2283, 0.9147 -2.0479 0.2283, 0.9213 -2.0529 0.2283, 0.9289 -2.056 0.2283, -1.4646 -2.0337 0.1979, -1.4646 -2.0413 0.2011, -1.4646 -2.0479 0.2061, -1.4646 -2.0529 0.2126, -1.4646 -2.056 0.2202, -1.4727 -2.0256 0.1979, -1.4727 -1.8524 0.1979, -1.4803 -2.0256 0.2011, -1.4803 -1.8524 0.2011, -1.4868 -2.0256 0.2061, -1.4868 -1.8524 0.2061, -1.4918 -2.0256 0.2126, -1.4918 -1.8524 0.2126, -1.495 -2.0256 0.2202, -1.495 -1.8524 0.2202, -1.4716 -1.8218 0.2283, -1.4781 -1.8242 0.2283, -1.4727 -1.8219 0.2283, -1.4724 -1.823 0.2202, -1.484 -1.8279 0.2283, -1.4803 -1.8251 0.2283, -1.4798 -1.826 0.2202, -1.489 -1.8329 0.2283, -1.4868 -1.8301 0.2283, -1.4861 -1.8308 0.2202, -1.4927 -1.8388 0.2283, -1.4918 -1.8366 0.2283, -1.4909 -1.8372 0.2202, -1.4951 -1.8454 0.2283, -1.495 -1.8442 0.2283, -1.494 -1.8445 0.2202, -1.4909 -1.8453 0.2126, -1.4882 -1.8387 0.2126, -1.4861 -1.8466 0.2061, -1.4839 -1.8412 0.2061, -1.4798 -1.8483 0.2011, -1.4782 -1.8445 0.2011, -1.4724 -1.8503 0.1979, -1.4716 -1.8483 0.1979, -1.4839 -1.8331 0.2126, -1.4803 -1.8366 0.2061, -1.4757 -1.8412 0.2011, -1.4703 -1.8466 0.1979, -1.4782 -1.8287 0.2126, -1.4716 -1.826 0.2126, -1.4757 -1.8331 0.2061, -1.4703 -1.8308 0.2061, -1.4724 -1.8387 0.2011, -1.4686 -1.8372 0.2011, -1.4686 -1.8453 0.1979, -1.4667 -1.8445 0.1979, 0.9291 -2.055 0.2202, 0.9218 -2.0519 0.2202, 0.9299 -2.0519 0.2126, 0.9234 -2.0492 0.2126, 0.9312 -2.0471 0.2061, 0.9259 -2.0449 0.2061, 0.9329 -2.0408 0.2011, 0.9291 -2.0392 0.2011, 0.9349 -2.0335 0.1979, 0.9329 -2.0327 0.1979, 0.9155 -2.0471 0.2202, 0.9177 -2.0449 0.2126, 0.9213 -2.0413 0.2061, 0.9259 -2.0367 0.2011, 0.9312 -2.0314 0.1979, 0.937 -2.056 0.2202, 0.937 -2.0529 0.2126, 0.937 -2.0479 0.2061, 0.937 -2.0413 0.2011, 0.937 -2.0337 0.1979, 0.9107 -2.0408 0.2202, 0.9076 -2.0335 0.2202, 0.9134 -2.0392 0.2126, 0.9107 -2.0327 0.2126, 0.9177 -2.0367 0.2061, 0.9155 -2.0314 0.2061, 0.9234 -2.0335 0.2011, 0.9218 -2.0297 0.2011, 0.9299 -2.0297 0.1979, 0.9291 -2.0277 0.1979, 0.9066 -2.0256 0.2202, 0.9097 -2.0256 0.2126, 0.9147 -2.0256 0.2061, 0.9213 -2.0256 0.2011, 0.9289 -2.0256 0.1979, -1.4727 -2.056 0.2283, -1.4803 -2.0529 0.2283, -1.4724 -2.055 0.2202, -1.4798 -2.0519 0.2202, -1.4716 -2.0519 0.2126, -1.4782 -2.0492 0.2126, -1.4703 -2.0471 0.2061, -1.4757 -2.0449 0.2061, -1.4686 -2.0408 0.2011, -1.4724 -2.0392 0.2011, -1.4667 -2.0335 0.1979, -1.4686 -2.0327 0.1979, -1.4868 -2.0479 0.2283, -1.4861 -2.0471 0.2202, -1.4839 -2.0449 0.2126, -1.4803 -2.0413 0.2061, -1.4757 -2.0367 0.2011, -1.4703 -2.0314 0.1979, -1.4918 -2.0413 0.2283, -1.495 -2.0337 0.2283, -1.4909 -2.0408 0.2202, -1.494 -2.0335 0.2202, -1.4882 -2.0392 0.2126, -1.4909 -2.0327 0.2126, -1.4839 -2.0367 0.2061, -1.4861 -2.0314 0.2061, -1.4782 -2.0335 0.2011, -1.4798 -2.0297 0.2011, -1.4716 -2.0297 0.1979, -1.4724 -2.0277 0.1979, -1.4681 -1.8211 0.7872, -1.4716 -1.8217 0.7865, -1.4727 -1.8219 0.7863, -1.4782 -1.824 0.7843, -1.4802 -1.8252 0.783, -1.4842 -1.8277 0.7805, -1.4867 -1.8302 0.778, -1.4892 -1.8327 0.7755, -1.4917 -1.8367 0.7716, -1.4929 -1.8387 0.7696, -1.4949 -1.8442 0.764, -1.4953 -1.8454 0.7629, 0.9289 -1.8442 0.1979, 0.9213 -1.8366 0.2011, 0.9147 -1.8301 0.2061, 0.912 -1.8274 0.2092, 0.9097 -1.8251 0.2126, 0.9079 -1.8233 0.2163, 0.9066 -1.8219 0.2202, 0.9058 -1.8211 0.2242, 1.4646 -2.0337 0.1979, 1.4646 -2.0413 0.2011, 1.4646 -2.0479 0.2061, 1.4646 -2.0529 0.2126, 1.4646 -2.056 0.2202, -1.4727 -2.056 0.7559, -1.4803 -2.0529 0.7559, -1.4868 -2.0479 0.7559, -1.4918 -2.0413 0.7559, -1.495 -2.0337 0.7559, -1.495 -2.0256 0.7641, -1.4918 -2.0256 0.7717, -1.4868 -2.0256 0.7782, -1.4803 -2.0256 0.7832, -1.4727 -2.0256 0.7863, 1.4646 -1.8219 0.2202, 1.4646 -1.8251 0.2126, 1.4646 -1.8301 0.2061, 1.4646 -1.8366 0.2011, 1.4646 -1.8442 0.1979, 1.4727 -1.8524 0.1979, 1.4727 -2.0256 0.1979, 1.4803 -1.8524 0.2011, 1.4803 -2.0256 0.2011, 1.4868 -1.8524 0.2061, 1.4868 -2.0256 0.2061, 1.4918 -1.8524 0.2126, 1.4918 -2.0256 0.2126, 1.495 -1.8524 0.2202, 1.495 -2.0256 0.2202, 1.495 -2.0337 0.2283, 1.4918 -2.0413 0.2283, 1.494 -2.0335 0.2202, 1.4909 -2.0408 0.2202, 1.4909 -2.0327 0.2126, 1.4882 -2.0392 0.2126, 1.4861 -2.0314 0.2061, 1.4839 -2.0367 0.2061, 1.4798 -2.0297 0.2011, 1.4782 -2.0335 0.2011, 1.4724 -2.0277 0.1979, 1.4716 -2.0297 0.1979, 1.4868 -2.0479 0.2283, 1.4861 -2.0471 0.2202, 1.4839 -2.0449 0.2126, 1.4803 -2.0413 0.2061, 1.4757 -2.0367 0.2011, 1.4703 -2.0314 0.1979, 1.4803 -2.0529 0.2283, 1.4727 -2.056 0.2283, 1.4798 -2.0519 0.2202, 1.4724 -2.055 0.2202, 1.4782 -2.0492 0.2126, 1.4716 -2.0519 0.2126, 1.4757 -2.0449 0.2061, 1.4703 -2.0471 0.2061, 1.4724 -2.0392 0.2011, 1.4686 -2.0408 0.2011, 1.4686 -2.0327 0.1979, 1.4667 -2.0335 0.1979, -1.4646 -2.056 0.7641, -1.4724 -2.055 0.7641, -1.4724 -2.0392 0.7832, -1.4686 -2.0327 0.7863, -1.4703 -2.0314 0.7863, -1.4724 -2.0277 0.7863, -1.4667 -2.0335 0.7863, -1.4686 -2.0408 0.7832, -1.4703 -2.0471 0.7782, -1.4646 -2.0337 0.7863, -1.4757 -2.0367 0.7832, -1.4716 -2.0297 0.7863, -1.4782 -2.0335 0.7832, -1.4798 -2.0297 0.7832, -1.4646 -2.0413 0.7832, -1.4646 -2.0479 0.7782, -1.4646 -2.0529 0.7717, -1.4757 -2.0449 0.7782, -1.4803 -2.0413 0.7782, -1.4839 -2.0367 0.7782, -1.4861 -2.0314 0.7782, -1.4716 -2.0519 0.7717, -1.4782 -2.0492 0.7717, -1.4839 -2.0449 0.7717, -1.4882 -2.0392 0.7717, -1.4909 -2.0327 0.7717, -1.4798 -2.0519 0.7641, -1.4861 -2.0471 0.7641, -1.4909 -2.0408 0.7641, -1.494 -2.0335 0.7641, 1.4951 -1.8454 0.2283, 1.4927 -1.8388 0.2283, 1.495 -1.8442 0.2283, 1.494 -1.8445 0.2202, 1.489 -1.8329 0.2283, 1.4918 -1.8366 0.2283, 1.4909 -1.8372 0.2202, 1.484 -1.8279 0.2283, 1.4868 -1.8301 0.2283, 1.4861 -1.8308 0.2202, 1.4781 -1.8242 0.2283, 1.4803 -1.8251 0.2283, 1.4798 -1.826 0.2202, 1.4716 -1.8218 0.2283, 1.4727 -1.8219 0.2283, 1.4724 -1.823 0.2202, 1.4716 -1.826 0.2126, 1.4782 -1.8287 0.2126, 1.4703 -1.8308 0.2061, 1.4757 -1.8331 0.2061, 1.4686 -1.8372 0.2011, 1.4724 -1.8387 0.2011, 1.4667 -1.8445 0.1979, 1.4686 -1.8453 0.1979, 1.4839 -1.8331 0.2126, 1.4803 -1.8366 0.2061, 1.4757 -1.8412 0.2011, 1.4703 -1.8466 0.1979, 1.4882 -1.8387 0.2126, 1.4909 -1.8453 0.2126, 1.4839 -1.8412 0.2061, 1.4861 -1.8466 0.2061, 1.4782 -1.8445 0.2011, 1.4798 -1.8483 0.2011, 1.4716 -1.8483 0.1979, 1.4724 -1.8503 0.1979, 1.4727 -2.056 0.7559, 1.4803 -2.0529 0.7559, 1.4868 -2.0479 0.7559, 1.4918 -2.0413 0.7559, 1.495 -2.0337 0.7559, 1.4646 -2.056 0.7641, 1.4646 -2.0529 0.7717, 1.4646 -2.0479 0.7782, 1.4646 -2.0413 0.7832, 1.4646 -2.0337 0.7863, 1.4929 -1.8387 0.7696, 1.4953 -1.8454 0.7629, 1.4892 -1.8327 0.7755, 1.4842 -1.8277 0.7805, 1.4782 -1.824 0.7843, 1.475 -1.8226 0.7856, 1.4716 -1.8217 0.7866, 1.4681 -1.8211 0.7872, 1.4927 -2.0256 0.7695, 1.4918 -2.0256 0.7717, 1.4909 -2.0327 0.7717, 1.489 -2.0256 0.7754, 1.4868 -2.0256 0.7782, 1.4861 -2.0314 0.7782, 1.4798 -2.0297 0.7832, 1.4724 -2.0277 0.7863, 1.4716 -2.0297 0.7863, 1.4667 -2.0335 0.7863, 1.4716 -2.0256 0.7865, 1.484 -2.0256 0.7803, 1.4803 -2.0256 0.7832, 1.4781 -2.0256 0.7841, 1.4727 -2.0256 0.7863, 1.4757 -2.0367 0.7832, 1.4686 -2.0327 0.7863, 1.4724 -2.0392 0.7832, 1.4686 -2.0408 0.7832, 1.4782 -2.0335 0.7832, 1.4703 -2.0314 0.7863, 1.4839 -2.0367 0.7782, 1.4803 -2.0413 0.7782, 1.4757 -2.0449 0.7782, 1.4703 -2.0471 0.7782, 1.4882 -2.0392 0.7717, 1.4839 -2.0449 0.7717, 1.4782 -2.0492 0.7717, 1.4716 -2.0519 0.7717, 1.4951 -2.0256 0.7629, 1.495 -2.0256 0.7641, 1.494 -2.0335 0.7641, 1.4909 -2.0408 0.7641, 1.4861 -2.0471 0.7641, 1.4798 -2.0519 0.7641, 1.4724 -2.055 0.7641, -0.8216 -1.8212 0.394, 0.7989 -1.8307 0.4052, 0.7927 -1.8377 0.4134, -0.7927 -1.8377 0.4134, 0.7887 -1.8459 0.4229, -0.7887 -1.8459 0.4229, -0.8166 -1.822 0.395, -0.8028 -1.8278 0.4018, -0.8071 -1.8254 0.399, -0.8117 -1.8234 0.3967, 0.8216 -1.8212 0.394, 0.8166 -1.822 0.395, 0.8117 -1.8234 0.3967, -0.8012 -2.0476 0.6582, -0.7989 -2.0456 0.6558, 0.8012 -2.0476 0.6582, -0.7927 -2.0374 0.6463, 0.7989 -2.0456 0.6558, 0.7927 -2.0374 0.6463, -0.7989 -1.8307 0.4052, 0.8071 -1.8254 0.399, 0.8028 -1.8278 0.4018, 0.7887 -2.0279 0.6352, -0.7887 -2.0279 0.6352, -0.7874 -2.0177 0.6234, -0.7874 -1.8546 0.4331, 0.7874 -1.8546 0.4331, 0.7874 -2.0177 0.6234, -0.7874 -2.0177 0.4331, 0.7874 -2.0177 0.4331, 0.79 -2.0205 0.4191, 0.7893 -2.0197 0.423, 0.8194 -2.0255 0.3944, 0.8166 -2.0253 0.3952, 0.8119 -2.025 0.3966, 0.8072 -2.0245 0.3992, 0.804 -2.0241 0.4009, 0.7992 -2.0232 0.4055, 0.7963 -2.0227 0.4082, 0.7931 -2.0216 0.4136, 0.8166 -2.0556 0.4255, 0.8119 -2.0542 0.4258, 0.8098 -2.0524 0.4188, 0.8182 -2.0333 0.3957, 0.8072 -2.0516 0.4263, 0.804 -2.0499 0.4266, 0.8018 -2.0475 0.4211, 0.8098 -2.0319 0.3984, 0.7992 -2.0453 0.4276, 0.7963 -2.0426 0.4281, 0.7947 -2.0401 0.4243, 0.8018 -2.0297 0.4033, 0.7931 -2.0371 0.4292, 0.79 -2.0317 0.4303, 0.7894 -2.0299 0.4283, 0.7891 -2.0281 0.4264, 0.7891 -2.0244 0.4227, 0.789 -2.0263 0.4245, 0.7894 -2.0224 0.4209, 0.7893 -2.0278 0.4311, 0.7947 -2.0265 0.4107, 0.7937 -2.0371 0.4205, 0.7934 -2.0338 0.417, 0.7937 -2.0303 0.4137, 0.8004 -2.0441 0.4158, 0.8 -2.0399 0.4109, 0.8004 -2.035 0.4067, 0.8085 -2.049 0.4123, 0.808 -2.0443 0.4065, 0.8085 -2.0385 0.4018, 0.8194 -2.0564 0.4253, 0.8182 -2.0551 0.4175, 0.8174 -2.0519 0.4102, 0.8172 -2.047 0.4038, 0.8174 -2.0406 0.3989, 0.8072 -2.0517 0.6643, 0.8166 -2.0556 0.6737, 0.8089 -2.0528 0.6659, 0.8176 -2.056 0.6746, -0.8072 -2.0517 0.6643, -0.8089 -2.0528 0.6659, -0.8176 -2.056 0.6746, -0.8166 -2.0556 0.6737, -0.7963 -2.0426 0.4281, -0.7931 -2.0371 0.4292, -0.79 -2.0317 0.4303, -0.7893 -2.0278 0.4311, -0.8194 -2.0564 0.4253, -0.8166 -2.0556 0.4255, -0.8119 -2.0542 0.4258, -0.8072 -2.0516 0.4263, -0.804 -2.0499 0.4266, -0.7992 -2.0453 0.4276, -0.8166 -2.0253 0.3952, -0.8119 -2.025 0.3966, -0.8098 -2.0319 0.3984, -0.8182 -2.0551 0.4175, -0.8072 -2.0245 0.3992, -0.804 -2.0241 0.4009, -0.8018 -2.0297 0.4033, -0.8098 -2.0524 0.4188, -0.7992 -2.0232 0.4055, -0.7963 -2.0227 0.4082, -0.7947 -2.0265 0.4107, -0.8018 -2.0475 0.4211, -0.7931 -2.0216 0.4136, -0.79 -2.0205 0.4191, -0.7894 -2.0224 0.4209, -0.7891 -2.0244 0.4227, -0.7891 -2.0281 0.4264, -0.789 -2.0263 0.4245, -0.7894 -2.0299 0.4283, -0.7893 -2.0197 0.423, -0.7947 -2.0401 0.4243, -0.7937 -2.0303 0.4137, -0.7934 -2.0338 0.417, -0.7937 -2.0371 0.4205, -0.8004 -2.035 0.4067, -0.8 -2.0399 0.4109, -0.8004 -2.0441 0.4158, -0.8085 -2.0385 0.4018, -0.808 -2.0443 0.4065, -0.8085 -2.049 0.4123, -0.8194 -2.0255 0.3944, -0.8182 -2.0333 0.3957, -0.8174 -2.0406 0.3989, -0.8172 -2.047 0.4038, -0.8174 -2.0519 0.4102, -0.8174 -2.0519 0.4102
            ]
        }
        coordIndex [
            0,1,2,-1,3,4,5,-1,6,7,5,-1,5,7,0,-1,5,0,3,-1,3,0,2,-1,6,8,9,-1,9,10,6,-1,6,10,11,-1,6,11,7,-1,12,13,14,-1,15,16,7,-1,14,15,12,-1,12,15,7,-1,12,7,17,-1,17,7,11,-1,17,11,18,-1,18,11,19,-1,20,21,22,-1,23,24,7,-1,22,23,20,-1,20,23,7,-1,20,7,25,-1,25,7,16,-1,25,16,26,-1,26,16,27,-1,28,29,30,-1,31,32,7,-1,30,31,28,-1,28,31,7,-1,28,7,33,-1,33,7,24,-1,33,24,34,-1,34,24,35,-1,36,37,38,-1,38,37,7,-1,38,7,39,-1,39,7,32,-1,39,32,40,-1,40,32,41,-1,42,43,44,-1,42,44,45,-1,45,44,46,-1,45,46,47,-1,47,46,48,-1,47,48,49,-1,50,51,48,-1,48,51,52,-1,48,52,49,-1,53,54,55,-1,55,56,53,-1,53,56,57,-1,53,57,50,-1,50,57,58,-1,50,58,51,-1,59,60,37,-1,36,61,37,-1,37,61,62,-1,37,62,59,-1,29,63,30,-1,30,63,64,-1,35,65,34,-1,34,65,66,-1,21,67,22,-1,22,67,68,-1,27,69,26,-1,26,69,70,-1,13,71,14,-1,14,71,72,-1,19,73,18,-1,18,73,74,-1,75,76,8,-1,8,76,77,-1,8,77,9,-1,9,77,78,-1,79,80,81,-1,81,80,82,-1,83,79,84,-1,84,79,81,-1,84,81,2,-1,2,81,3,-1,85,86,87,-1,87,86,88,-1,77,89,90,-1,91,55,54,-1,90,92,77,-1,77,92,91,-1,77,91,93,-1,93,91,54,-1,94,87,62,-1,62,87,88,-1,95,87,96,-1,96,87,94,-1,96,94,97,-1,97,94,98,-1,62,61,99,-1,62,99,94,-1,94,99,100,-1,94,100,93,-1,101,64,63,-1,102,103,93,-1,63,102,101,-1,101,102,93,-1,101,93,104,-1,104,93,100,-1,104,100,105,-1,105,100,106,-1,107,68,67,-1,108,109,93,-1,67,108,107,-1,107,108,93,-1,107,93,110,-1,110,93,103,-1,110,103,65,-1,65,103,66,-1,111,72,71,-1,112,113,93,-1,71,112,111,-1,111,112,93,-1,111,93,114,-1,114,93,109,-1,114,109,69,-1,69,109,70,-1,78,77,115,-1,115,77,93,-1,115,93,116,-1,116,93,113,-1,116,113,73,-1,73,113,74,-1,117,118,119,-1,119,118,120,-1,96,121,95,-1,95,121,122,-1,95,122,84,-1,84,122,83,-1,123,124,125,-1,125,124,126,-1,127,128,129,-1,130,131,132,-1,133,134,129,-1,129,134,130,-1,129,130,127,-1,127,130,132,-1,135,136,42,-1,42,136,134,-1,42,134,43,-1,43,134,133,-1,137,90,138,-1,138,90,89,-1,81,82,92,-1,92,82,139,-1,92,139,91,-1,91,139,140,-1,141,142,143,-1,143,142,144,-1,145,146,147,-1,147,146,148,-1,121,96,149,-1,149,96,97,-1,150,55,140,-1,140,55,91,-1,3,81,4,-1,4,81,92,-1,4,92,137,-1,137,92,90,-1,85,87,1,-1,1,87,95,-1,1,95,2,-1,2,95,84,-1,138,89,76,-1,76,89,77,-1,88,86,62,-1,62,86,59,-1,41,105,40,-1,40,105,106,-1,78,115,9,-1,9,115,10,-1,115,116,10,-1,10,116,11,-1,116,73,11,-1,11,73,19,-1,74,113,18,-1,18,113,17,-1,113,112,17,-1,17,112,12,-1,112,71,12,-1,12,71,13,-1,72,111,14,-1,14,111,15,-1,111,114,15,-1,15,114,16,-1,114,69,16,-1,16,69,27,-1,70,109,26,-1,26,109,25,-1,109,108,25,-1,25,108,20,-1,108,67,20,-1,20,67,21,-1,68,107,22,-1,22,107,23,-1,107,110,23,-1,23,110,24,-1,110,65,24,-1,24,65,35,-1,66,103,34,-1,34,103,33,-1,103,102,33,-1,33,102,28,-1,102,63,28,-1,28,63,29,-1,64,101,30,-1,30,101,31,-1,101,104,31,-1,31,104,32,-1,104,105,32,-1,32,105,41,-1,99,61,38,-1,38,61,36,-1,106,100,40,-1,40,100,39,-1,100,99,39,-1,39,99,38,-1,127,132,151,-1,127,151,152,-1,152,151,153,-1,152,153,154,-1,154,153,155,-1,154,155,156,-1,157,158,155,-1,155,158,159,-1,155,159,156,-1,160,149,97,-1,97,161,160,-1,160,161,162,-1,160,162,157,-1,157,162,163,-1,157,163,158,-1,121,149,164,-1,164,149,165,-1,166,167,165,-1,165,167,168,-1,165,168,164,-1,169,170,166,-1,166,170,171,-1,166,171,167,-1,166,172,169,-1,169,172,173,-1,169,173,174,-1,174,173,175,-1,174,175,176,-1,176,175,124,-1,176,124,123,-1,97,98,161,-1,161,98,177,-1,161,177,162,-1,162,177,163,-1,163,177,178,-1,163,178,158,-1,158,178,159,-1,159,178,179,-1,159,179,156,-1,156,179,180,-1,156,180,154,-1,154,180,181,-1,154,181,152,-1,152,181,128,-1,152,128,127,-1,160,157,182,-1,182,157,183,-1,182,183,184,-1,184,183,185,-1,184,185,186,-1,186,185,187,-1,186,187,188,-1,188,187,189,-1,188,189,190,-1,190,189,191,-1,190,191,124,-1,157,155,183,-1,183,155,192,-1,183,192,185,-1,185,192,193,-1,185,193,187,-1,187,193,194,-1,187,194,189,-1,189,194,195,-1,189,195,191,-1,191,195,196,-1,191,196,124,-1,149,160,165,-1,165,160,182,-1,165,182,166,-1,166,182,184,-1,166,184,172,-1,172,184,186,-1,172,186,173,-1,173,186,188,-1,173,188,175,-1,175,188,190,-1,175,190,124,-1,153,151,197,-1,197,151,198,-1,197,198,199,-1,199,198,200,-1,199,200,201,-1,201,200,202,-1,201,202,203,-1,203,202,204,-1,203,204,205,-1,205,204,206,-1,205,206,124,-1,151,132,198,-1,198,132,207,-1,198,207,200,-1,200,207,208,-1,200,208,202,-1,202,208,209,-1,202,209,204,-1,204,209,210,-1,204,210,206,-1,206,210,211,-1,206,211,124,-1,155,153,192,-1,192,153,197,-1,192,197,193,-1,193,197,199,-1,193,199,194,-1,194,199,201,-1,194,201,195,-1,195,201,203,-1,195,203,196,-1,196,203,205,-1,196,205,124,-1,123,125,212,-1,123,212,176,-1,176,212,213,-1,176,213,174,-1,174,213,214,-1,174,214,169,-1,169,214,170,-1,170,214,215,-1,170,215,171,-1,171,215,167,-1,167,215,216,-1,167,216,168,-1,168,216,164,-1,164,216,122,-1,164,122,121,-1,55,150,56,-1,56,150,217,-1,56,217,57,-1,57,217,58,-1,58,217,218,-1,58,218,51,-1,51,218,52,-1,52,218,219,-1,52,219,49,-1,49,219,220,-1,49,220,47,-1,47,220,221,-1,47,221,45,-1,45,221,135,-1,45,135,42,-1,126,124,211,-1,126,211,222,-1,222,211,210,-1,222,210,223,-1,223,210,209,-1,223,209,224,-1,224,209,208,-1,224,208,225,-1,225,208,207,-1,225,207,226,-1,226,207,132,-1,226,132,131,-1,125,126,227,-1,125,227,228,-1,228,227,229,-1,228,229,230,-1,230,229,231,-1,230,231,232,-1,232,231,233,-1,232,233,234,-1,234,233,235,-1,234,235,236,-1,236,235,118,-1,236,118,117,-1,237,122,216,-1,238,239,240,-1,241,242,243,-1,244,245,246,-1,247,248,249,-1,250,251,252,-1,251,247,252,-1,252,247,249,-1,252,249,253,-1,253,249,254,-1,253,254,255,-1,255,254,256,-1,255,256,257,-1,257,256,258,-1,257,258,259,-1,259,258,260,-1,259,260,125,-1,248,244,249,-1,249,244,246,-1,249,246,254,-1,254,246,261,-1,254,261,256,-1,256,261,262,-1,256,262,258,-1,258,262,263,-1,258,263,260,-1,260,263,264,-1,260,264,125,-1,117,250,236,-1,236,250,252,-1,236,252,234,-1,234,252,253,-1,234,253,232,-1,232,253,255,-1,232,255,230,-1,230,255,257,-1,230,257,228,-1,228,257,259,-1,228,259,125,-1,242,238,243,-1,243,238,240,-1,243,240,265,-1,265,240,266,-1,265,266,267,-1,267,266,268,-1,267,268,269,-1,269,268,270,-1,269,270,271,-1,271,270,272,-1,271,272,125,-1,239,237,240,-1,240,237,216,-1,240,216,266,-1,266,216,215,-1,266,215,268,-1,268,215,214,-1,268,214,270,-1,270,214,213,-1,270,213,272,-1,272,213,212,-1,272,212,125,-1,245,241,246,-1,246,241,243,-1,246,243,261,-1,261,243,265,-1,261,265,262,-1,262,265,267,-1,262,267,263,-1,263,267,269,-1,263,269,264,-1,264,269,271,-1,264,271,125,-1,221,220,273,-1,273,220,274,-1,273,274,275,-1,275,274,276,-1,275,276,277,-1,277,276,278,-1,277,278,279,-1,279,278,280,-1,279,280,281,-1,281,280,282,-1,281,282,142,-1,220,219,274,-1,274,219,283,-1,274,283,276,-1,276,283,284,-1,276,284,278,-1,278,284,285,-1,278,285,280,-1,280,285,286,-1,280,286,282,-1,282,286,287,-1,282,287,142,-1,135,221,288,-1,288,221,273,-1,288,273,289,-1,289,273,275,-1,289,275,290,-1,290,275,277,-1,290,277,291,-1,291,277,279,-1,291,279,292,-1,292,279,281,-1,292,281,142,-1,218,217,293,-1,293,217,294,-1,293,294,295,-1,295,294,296,-1,295,296,297,-1,297,296,298,-1,297,298,299,-1,299,298,300,-1,299,300,301,-1,301,300,302,-1,301,302,142,-1,217,150,294,-1,294,150,303,-1,294,303,296,-1,296,303,304,-1,296,304,298,-1,298,304,305,-1,298,305,300,-1,300,305,306,-1,300,306,302,-1,302,306,307,-1,302,307,142,-1,219,218,283,-1,283,218,293,-1,283,293,284,-1,284,293,295,-1,284,295,285,-1,285,295,297,-1,285,297,286,-1,286,297,299,-1,286,299,287,-1,287,299,301,-1,287,301,142,-1,308,309,310,-1,310,309,311,-1,310,311,312,-1,312,311,313,-1,312,313,314,-1,314,313,315,-1,314,315,316,-1,316,315,317,-1,316,317,318,-1,318,317,319,-1,318,319,126,-1,309,320,311,-1,311,320,321,-1,311,321,313,-1,313,321,322,-1,313,322,315,-1,315,322,323,-1,315,323,317,-1,317,323,324,-1,317,324,319,-1,319,324,325,-1,319,325,126,-1,131,308,226,-1,226,308,310,-1,226,310,225,-1,225,310,312,-1,225,312,224,-1,224,312,314,-1,224,314,223,-1,223,314,316,-1,223,316,222,-1,222,316,318,-1,222,318,126,-1,326,327,328,-1,328,327,329,-1,328,329,330,-1,330,329,331,-1,330,331,332,-1,332,331,333,-1,332,333,334,-1,334,333,335,-1,334,335,336,-1,336,335,337,-1,336,337,126,-1,327,118,329,-1,329,118,235,-1,329,235,331,-1,331,235,233,-1,331,233,333,-1,333,233,231,-1,333,231,335,-1,335,231,229,-1,335,229,337,-1,337,229,227,-1,337,227,126,-1,320,326,321,-1,321,326,328,-1,321,328,322,-1,322,328,330,-1,322,330,323,-1,323,330,332,-1,323,332,324,-1,324,332,334,-1,324,334,325,-1,325,334,336,-1,325,336,126,-1,83,122,338,-1,338,122,237,-1,338,237,339,-1,339,237,340,-1,340,237,239,-1,340,239,341,-1,341,239,238,-1,341,238,342,-1,342,238,242,-1,342,242,343,-1,343,242,241,-1,343,241,344,-1,344,241,245,-1,344,245,345,-1,345,245,244,-1,345,244,346,-1,346,244,248,-1,346,248,347,-1,347,248,247,-1,347,247,348,-1,348,247,251,-1,348,251,349,-1,251,250,349,-1,349,250,117,-1,349,117,119,-1,144,142,307,-1,144,307,350,-1,350,307,306,-1,350,306,351,-1,351,306,305,-1,351,305,352,-1,352,305,353,-1,353,305,304,-1,353,304,354,-1,354,304,355,-1,355,304,303,-1,355,303,356,-1,356,303,357,-1,357,303,150,-1,357,150,140,-1,142,141,358,-1,142,358,292,-1,292,358,359,-1,292,359,291,-1,291,359,360,-1,291,360,290,-1,290,360,361,-1,290,361,289,-1,289,361,362,-1,289,362,288,-1,288,362,136,-1,288,136,135,-1,131,130,363,-1,131,363,308,-1,308,363,364,-1,308,364,309,-1,309,364,365,-1,309,365,320,-1,320,365,366,-1,320,366,326,-1,326,366,367,-1,326,367,327,-1,327,367,120,-1,327,120,118,-1,119,120,349,-1,349,120,368,-1,369,347,368,-1,368,347,348,-1,368,348,349,-1,370,345,369,-1,369,345,346,-1,369,346,347,-1,371,343,370,-1,370,343,344,-1,370,344,345,-1,372,341,371,-1,371,341,342,-1,371,342,343,-1,83,338,79,-1,79,338,339,-1,79,339,372,-1,372,339,340,-1,372,340,341,-1,140,139,357,-1,357,139,373,-1,374,355,373,-1,373,355,356,-1,373,356,357,-1,352,353,374,-1,374,353,354,-1,374,354,355,-1,374,375,352,-1,352,375,376,-1,352,376,351,-1,351,376,377,-1,351,377,350,-1,350,377,143,-1,350,143,144,-1,141,143,378,-1,141,378,379,-1,379,378,380,-1,379,380,381,-1,381,380,382,-1,381,382,383,-1,383,382,384,-1,383,384,385,-1,385,384,386,-1,385,386,387,-1,387,386,148,-1,387,148,146,-1,388,389,390,-1,390,389,391,-1,390,391,392,-1,392,391,393,-1,392,393,394,-1,394,393,395,-1,394,395,396,-1,396,395,397,-1,396,397,398,-1,398,397,399,-1,398,399,141,-1,389,400,391,-1,391,400,401,-1,391,401,393,-1,393,401,402,-1,393,402,395,-1,395,402,403,-1,395,403,397,-1,397,403,404,-1,397,404,399,-1,399,404,405,-1,399,405,141,-1,146,388,387,-1,387,388,390,-1,387,390,385,-1,385,390,392,-1,385,392,383,-1,383,392,394,-1,383,394,381,-1,381,394,396,-1,381,396,379,-1,379,396,398,-1,379,398,141,-1,406,407,408,-1,408,407,409,-1,408,409,410,-1,410,409,411,-1,410,411,412,-1,412,411,413,-1,412,413,414,-1,414,413,415,-1,414,415,416,-1,416,415,417,-1,416,417,141,-1,407,136,409,-1,409,136,362,-1,409,362,411,-1,411,362,361,-1,411,361,413,-1,413,361,360,-1,413,360,415,-1,415,360,359,-1,415,359,417,-1,417,359,358,-1,417,358,141,-1,400,406,401,-1,401,406,408,-1,401,408,402,-1,402,408,410,-1,402,410,403,-1,403,410,412,-1,403,412,404,-1,404,412,414,-1,404,414,405,-1,405,414,416,-1,405,416,141,-1,130,418,419,-1,420,421,422,-1,79,372,423,-1,422,421,79,-1,424,79,421,-1,424,421,425,-1,425,421,420,-1,425,420,426,-1,427,79,424,-1,428,429,430,-1,430,429,423,-1,430,423,431,-1,431,423,372,-1,431,372,371,-1,427,424,432,-1,432,424,425,-1,432,425,433,-1,433,425,426,-1,433,426,434,-1,435,428,436,-1,436,428,430,-1,436,430,437,-1,437,430,431,-1,437,431,438,-1,438,431,371,-1,438,371,370,-1,439,435,440,-1,440,435,436,-1,440,436,441,-1,441,436,437,-1,441,437,442,-1,442,437,438,-1,442,438,443,-1,443,438,370,-1,443,370,369,-1,418,439,419,-1,419,439,440,-1,419,440,444,-1,444,440,441,-1,444,441,445,-1,445,441,442,-1,445,442,446,-1,446,442,443,-1,446,443,447,-1,447,443,369,-1,447,369,368,-1,130,419,363,-1,363,419,444,-1,363,444,364,-1,364,444,445,-1,364,445,365,-1,365,445,446,-1,365,446,366,-1,366,446,447,-1,366,447,367,-1,367,447,368,-1,367,368,120,-1,429,79,423,-1,418,434,439,-1,439,434,426,-1,439,426,435,-1,435,426,420,-1,435,420,428,-1,428,420,422,-1,428,422,429,-1,429,422,79,-1,448,148,386,-1,449,450,451,-1,452,453,454,-1,455,456,457,-1,458,459,460,-1,461,462,463,-1,462,458,463,-1,463,458,460,-1,463,460,464,-1,464,460,465,-1,464,465,466,-1,466,465,467,-1,466,467,468,-1,468,467,469,-1,468,469,470,-1,470,469,471,-1,470,471,143,-1,459,455,460,-1,460,455,457,-1,460,457,465,-1,465,457,472,-1,465,472,467,-1,467,472,473,-1,467,473,469,-1,469,473,474,-1,469,474,471,-1,471,474,475,-1,471,475,143,-1,139,461,373,-1,373,461,463,-1,373,463,374,-1,374,463,464,-1,374,464,375,-1,375,464,466,-1,375,466,376,-1,376,466,468,-1,376,468,377,-1,377,468,470,-1,377,470,143,-1,453,449,454,-1,454,449,451,-1,454,451,476,-1,476,451,477,-1,476,477,478,-1,478,477,479,-1,478,479,480,-1,480,479,481,-1,480,481,482,-1,482,481,483,-1,482,483,143,-1,450,448,451,-1,451,448,386,-1,451,386,477,-1,477,386,384,-1,477,384,479,-1,479,384,382,-1,479,382,481,-1,481,382,380,-1,481,380,483,-1,483,380,378,-1,483,378,143,-1,456,452,457,-1,457,452,454,-1,457,454,472,-1,472,454,476,-1,472,476,473,-1,473,476,478,-1,473,478,474,-1,474,478,480,-1,474,480,475,-1,475,480,482,-1,475,482,143,-1,134,136,407,-1,134,407,484,-1,484,407,406,-1,484,406,485,-1,485,406,400,-1,485,400,486,-1,486,400,389,-1,486,389,487,-1,487,389,388,-1,487,388,488,-1,488,388,146,-1,488,146,145,-1,130,134,489,-1,130,489,418,-1,418,489,490,-1,418,490,434,-1,434,490,491,-1,434,491,433,-1,433,491,492,-1,433,492,432,-1,432,492,493,-1,432,493,427,-1,427,493,80,-1,427,80,79,-1,494,495,448,-1,448,495,147,-1,448,147,148,-1,448,450,494,-1,494,450,449,-1,494,449,496,-1,449,453,496,-1,496,453,452,-1,496,452,497,-1,497,452,456,-1,456,455,497,-1,497,455,459,-1,497,459,498,-1,498,459,458,-1,498,458,499,-1,499,458,462,-1,499,462,500,-1,500,462,461,-1,500,461,501,-1,501,461,139,-1,501,139,82,-1,502,503,504,-1,505,506,507,-1,508,509,510,-1,80,493,511,-1,510,509,80,-1,512,80,509,-1,513,514,508,-1,508,514,515,-1,508,515,509,-1,509,515,516,-1,509,516,512,-1,517,518,519,-1,519,518,511,-1,519,511,520,-1,520,511,493,-1,520,493,492,-1,506,513,507,-1,507,513,508,-1,507,508,521,-1,521,508,510,-1,521,510,522,-1,522,510,80,-1,523,517,524,-1,524,517,519,-1,524,519,525,-1,525,519,520,-1,525,520,526,-1,526,520,492,-1,526,492,491,-1,504,523,527,-1,527,523,524,-1,527,524,528,-1,528,524,525,-1,528,525,529,-1,529,525,526,-1,529,526,530,-1,530,526,491,-1,530,491,490,-1,531,532,533,-1,533,532,502,-1,502,504,533,-1,533,504,527,-1,533,527,534,-1,534,527,528,-1,534,528,535,-1,535,528,529,-1,535,529,536,-1,536,529,530,-1,536,530,537,-1,537,530,490,-1,537,490,489,-1,488,145,531,-1,531,533,488,-1,488,533,534,-1,488,534,487,-1,487,534,535,-1,487,535,486,-1,486,535,536,-1,486,536,485,-1,485,536,537,-1,485,537,484,-1,484,537,489,-1,484,489,134,-1,518,80,511,-1,503,505,504,-1,504,505,507,-1,504,507,523,-1,523,507,521,-1,523,521,517,-1,517,521,522,-1,517,522,518,-1,518,522,80,-1,82,80,501,-1,501,80,512,-1,501,512,500,-1,500,512,516,-1,500,516,499,-1,499,516,515,-1,499,515,498,-1,498,515,514,-1,498,514,497,-1,514,513,497,-1,497,513,506,-1,497,506,496,-1,496,506,505,-1,496,505,494,-1,505,503,494,-1,494,503,502,-1,494,502,495,-1,495,502,532,-1,532,531,495,-1,495,531,145,-1,495,145,147,-1,538,94,93,-1,539,540,541,-1,541,540,542,-1,541,542,543,-1,538,93,544,-1,545,546,93,-1,93,546,547,-1,93,547,544,-1,548,549,541,-1,541,549,550,-1,551,552,553,-1,553,552,554,-1,553,554,555,-1,555,554,556,-1,548,541,93,-1,93,541,557,-1,93,557,545,-1,550,558,541,-1,541,558,559,-1,541,559,539,-1,556,554,560,-1,560,554,561,-1,560,561,562,-1,543,542,563,-1,563,542,564,-1,563,564,562,-1,562,564,565,-1,562,565,560,-1,566,563,562,-1,564,567,565,-1,567,564,542,-1,540,568,542,-1,542,568,569,-1,542,569,567,-1,93,54,570,-1,93,570,548,-1,548,570,571,-1,548,571,549,-1,549,571,572,-1,549,572,550,-1,550,572,573,-1,550,573,558,-1,558,573,574,-1,558,574,559,-1,559,574,575,-1,559,575,539,-1,539,575,576,-1,539,576,540,-1,540,576,577,-1,540,577,568,-1,578,579,580,-1,571,570,581,-1,582,583,584,-1,573,572,585,-1,586,587,588,-1,575,574,589,-1,590,591,592,-1,593,592,567,-1,594,595,567,-1,594,567,596,-1,569,596,567,-1,591,597,592,-1,592,597,567,-1,595,593,567,-1,568,577,598,-1,587,590,588,-1,588,590,592,-1,588,592,599,-1,599,592,593,-1,599,593,600,-1,600,593,595,-1,600,595,601,-1,601,595,594,-1,601,594,598,-1,598,594,596,-1,598,596,568,-1,568,596,569,-1,575,589,576,-1,583,586,584,-1,584,586,588,-1,584,588,602,-1,602,588,599,-1,602,599,603,-1,603,599,600,-1,603,600,604,-1,604,600,601,-1,604,601,589,-1,589,601,598,-1,589,598,576,-1,576,598,577,-1,579,582,580,-1,580,582,584,-1,580,584,605,-1,605,584,602,-1,605,602,606,-1,606,602,603,-1,606,603,607,-1,607,603,604,-1,607,604,585,-1,585,604,589,-1,585,589,573,-1,573,589,574,-1,608,578,609,-1,609,578,580,-1,609,580,610,-1,610,580,605,-1,610,605,611,-1,611,605,606,-1,611,606,612,-1,612,606,607,-1,612,607,581,-1,581,607,585,-1,581,585,571,-1,571,585,572,-1,43,608,44,-1,44,608,609,-1,44,609,46,-1,46,609,610,-1,46,610,48,-1,48,610,611,-1,48,611,50,-1,50,611,612,-1,50,612,53,-1,53,612,581,-1,53,581,54,-1,54,581,570,-1,556,560,597,-1,597,560,565,-1,597,565,567,-1,597,591,556,-1,556,591,590,-1,556,590,555,-1,582,613,553,-1,590,587,555,-1,555,587,586,-1,555,586,553,-1,553,586,583,-1,553,583,582,-1,578,614,615,-1,613,582,615,-1,615,582,579,-1,615,579,578,-1,43,133,616,-1,614,578,616,-1,616,578,608,-1,616,608,43,-1,617,551,553,-1,617,553,618,-1,618,553,613,-1,618,613,615,-1,614,619,615,-1,615,619,620,-1,615,620,618,-1,614,616,619,-1,619,616,133,-1,619,133,129,-1,554,552,621,-1,621,622,554,-1,554,622,623,-1,554,623,561,-1,623,624,561,-1,561,624,566,-1,561,566,562,-1,129,128,619,-1,619,128,625,-1,619,625,620,-1,620,625,626,-1,620,626,618,-1,618,626,627,-1,618,627,617,-1,617,627,628,-1,617,628,551,-1,551,628,629,-1,551,629,552,-1,552,629,630,-1,552,630,621,-1,631,632,633,-1,626,625,634,-1,635,636,637,-1,628,627,638,-1,639,640,641,-1,630,629,642,-1,643,644,645,-1,646,645,566,-1,647,648,566,-1,647,566,649,-1,624,649,566,-1,644,650,645,-1,645,650,566,-1,648,646,566,-1,623,622,651,-1,640,643,641,-1,641,643,645,-1,641,645,652,-1,652,645,646,-1,652,646,653,-1,653,646,648,-1,653,648,654,-1,654,648,647,-1,654,647,651,-1,651,647,649,-1,651,649,623,-1,623,649,624,-1,630,642,621,-1,636,639,637,-1,637,639,641,-1,637,641,655,-1,655,641,652,-1,655,652,656,-1,656,652,653,-1,656,653,657,-1,657,653,654,-1,657,654,642,-1,642,654,651,-1,642,651,621,-1,621,651,622,-1,632,635,633,-1,633,635,637,-1,633,637,658,-1,658,637,655,-1,658,655,659,-1,659,655,656,-1,659,656,660,-1,660,656,657,-1,660,657,638,-1,638,657,642,-1,638,642,628,-1,628,642,629,-1,661,631,662,-1,662,631,633,-1,662,633,663,-1,663,633,658,-1,663,658,664,-1,664,658,659,-1,664,659,665,-1,665,659,660,-1,665,660,634,-1,634,660,638,-1,634,638,626,-1,626,638,627,-1,98,661,177,-1,177,661,662,-1,177,662,178,-1,178,662,663,-1,178,663,179,-1,179,663,664,-1,179,664,180,-1,180,664,665,-1,180,665,181,-1,181,665,634,-1,181,634,128,-1,128,634,625,-1,541,543,650,-1,650,543,563,-1,650,563,566,-1,650,644,541,-1,541,644,643,-1,541,643,557,-1,643,640,557,-1,557,640,639,-1,557,639,545,-1,545,639,636,-1,545,636,546,-1,546,636,635,-1,546,635,547,-1,547,635,632,-1,547,632,544,-1,544,632,631,-1,544,631,538,-1,538,631,661,-1,538,661,94,-1,94,661,98,-1,37,60,7,-1,7,60,0,-1,86,85,59,-1,59,85,1,-1,59,1,60,-1,60,1,0,-1,75,8,5,-1,5,8,6,-1,75,5,76,-1,76,5,4,-1,76,4,138,-1,138,4,137,-1,
        ]
    }
}
Shape{
    appearance Appearance {
        material  Material 	{
            diffuseColor 0.8313725490196079 0.8313725490196079 0.8196078431372549
            specularColor 0.6666666666666666 0.6666666666666666 0.6549019607843137
            ambientIntensity 0.2
            transparency 0
            shininess 0.5
        }
    }
    geometry IndexedFaceSet {
        ccw TRUE
        solid FALSE
        coord DEF co Coordinate {
            point [
                -1.6227 -0.892 0.0591, -1.6139 -0.9025 0.0591, -1.122 -0.7382 0.0591, -1.6077 -0.9148 0.0591, -1.6045 -0.9282 0.0591, -1.122 -1.1319 0.0591, -1.6045 -0.9419 0.0591, -1.6077 -0.9553 0.0591, -1.6535 -0.7776 0.0591, -1.6535 -0.8497 0.0591, -1.6338 -0.8838 0.0591, -1.6139 -0.9676 0.0591, -1.6227 -0.9781 0.0591, -1.6142 -1.1319 0.0591, -1.6338 -0.9863 0.0591, -1.6527 -0.8579 0.0591, -1.6501 -0.8657 0.0591, -1.646 -0.8729 0.0591, -1.6405 -0.879 0.0591, -1.6405 -0.9911 0.0591, -1.646 -0.9972 0.0591, -1.6535 -1.0204 0.0591, -1.6535 -1.0925 0.0591, -1.6244 -1.1305 0.0591, -1.6142 -0.7382 0.0591, -1.6244 -0.7395 0.0591, -1.6339 -0.7435 0.0591, -1.6501 -1.0044 0.0591, -1.6527 -1.0122 0.0591, -1.642 -0.7497 0.0591, -1.6483 -0.7579 0.0591, -1.6522 -0.7674 0.0591, -1.6522 -1.1027 0.0591, -1.6483 -1.1122 0.0591, -1.6339 -1.1266 0.0591, -1.642 -1.1204 0.0591, -1.0433 -0.1476 0.7283, -1.0433 -0.7382 0.7283, -1.0433 -0.1476 0.0591, -1.0433 -0.7382 0.3346, -1.0433 -0.7382 0.0591, -1.0433 -1.1319 0.3346, -1.0433 -0.7382 0.0394, -1.0433 -1.1319 0.0394, -1.6142 -1.1319 0.0, -1.0827 -1.1319 0.0, -1.0725 -1.1319 0.0013, -1.063 -1.1319 0.0053, -1.0548 -1.1319 0.0115, -1.0486 -1.1319 0.0197, -1.122 -1.1319 0.3346, -1.0446 -1.1319 0.0292, -1.6244 -1.1305 -0.0, -1.6339 -1.1266 -0.0, -1.642 -1.1204 -0.0, -1.6483 -1.1122 -0.0, -1.6522 -1.1027 -0.0, -1.6535 -1.0925 -0.0, -1.6535 -1.0204 0.0, -1.6527 -1.0122 0.0, -1.6501 -1.0044 0.0, -1.646 -0.9972 0.0, -1.6405 -0.9911 0.0, -1.6338 -0.9863 0.0, -1.6227 -0.9781 0.0, -1.6139 -0.9676 0.0, -1.6077 -0.9553 0.0, -1.6045 -0.9419 0.0, -1.6045 -0.9282 0.0, -1.6077 -0.9148 0.0, -1.6139 -0.9025 0.0, -1.6227 -0.892 0.0, -1.6338 -0.8838 0.0, -1.6405 -0.879 -0.0, -1.646 -0.8729 -0.0, -1.6501 -0.8657 -0.0, -1.6527 -0.8579 -0.0, -1.6535 -0.8497 -0.0, -1.6535 -0.7776 0.0, -1.6522 -0.7674 0.0, -1.6483 -0.7579 0.0, -1.642 -0.7497 0.0, -1.6339 -0.7435 0.0, -1.6244 -0.7395 0.0, -1.6142 -0.7382 0.0, -1.0827 -0.7382 0.0, -1.0725 -0.7382 0.0013, -1.0446 -0.7382 0.0292, -1.0486 -0.7382 0.0197, -1.0548 -0.7382 0.0115, -1.063 -0.7382 0.0053, -1.122 -0.7382 0.3346, -1.122 -0.7382 0.7283, -1.122 -0.1476 0.7283, -1.122 -0.1476 0.0591, 1.122 -1.1319 0.0591, 1.122 -1.1319 0.3346, 1.0433 -1.1319 0.3346, 1.6142 -1.1319 0.0, 1.6142 -1.1319 0.0591, 1.0827 -1.1319 0.0, 1.0725 -1.1319 0.0013, 1.0433 -1.1319 0.0394, 1.0446 -1.1319 0.0292, 1.0486 -1.1319 0.0197, 1.0548 -1.1319 0.0115, 1.063 -1.1319 0.0053, 1.6244 -0.7395 0.0591, 1.6142 -0.7382 0.0591, 1.6535 -0.7776 0.0591, 1.6139 -0.9676 0.0591, 1.6077 -0.9553 0.0591, 1.6045 -0.9419 0.0591, 1.122 -0.7382 0.0591, 1.6045 -0.9282 0.0591, 1.6077 -0.9148 0.0591, 1.6535 -1.0925 0.0591, 1.6535 -1.0204 0.0591, 1.6338 -0.9863 0.0591, 1.6527 -1.0122 0.0591, 1.6501 -1.0044 0.0591, 1.646 -0.9972 0.0591, 1.6405 -0.9911 0.0591, 1.6535 -0.8497 0.0591, 1.6139 -0.9025 0.0591, 1.6227 -0.892 0.0591, 1.6338 -0.8838 0.0591, 1.6405 -0.879 0.0591, 1.6527 -0.8579 0.0591, 1.646 -0.8729 0.0591, 1.6501 -0.8657 0.0591, 1.6522 -0.7674 0.0591, 1.6483 -0.7579 0.0591, 1.642 -1.1204 0.0591, 1.6483 -1.1122 0.0591, 1.6339 -1.1266 0.0591, 1.6244 -1.1305 0.0591, 1.6522 -1.1027 0.0591, 1.6227 -0.9781 0.0591, 1.642 -0.7497 0.0591, 1.6339 -0.7435 0.0591, 1.0433 -0.7382 0.0394, 1.0433 -0.7382 0.0591, 1.0433 -0.1476 0.0591, 1.0433 -0.7382 0.3346, 1.0433 -0.1476 0.7283, 1.0433 -0.7382 0.7283, 1.6535 -1.0925 -0.0, 1.6522 -1.1027 -0.0, 1.6483 -1.1122 -0.0, 1.642 -1.1204 -0.0, 1.6339 -1.1266 -0.0, 1.6244 -1.1305 -0.0, 1.6535 -1.0204 0.0, 1.6338 -0.9863 0.0, 1.6405 -0.9911 0.0, 1.646 -0.9972 0.0, 1.6501 -1.0044 0.0, 1.6527 -1.0122 0.0, 1.6338 -0.8838 0.0, 1.6227 -0.892 0.0, 1.6139 -0.9025 0.0, 1.6077 -0.9148 0.0, 1.6045 -0.9282 0.0, 1.6045 -0.9419 0.0, 1.6077 -0.9553 0.0, 1.6139 -0.9676 0.0, 1.6227 -0.9781 0.0, 1.6535 -0.8497 -0.0, 1.6527 -0.8579 -0.0, 1.6501 -0.8657 -0.0, 1.646 -0.8729 -0.0, 1.6405 -0.879 -0.0, 1.6535 -0.7776 0.0, 1.6142 -0.7382 0.0, 1.6244 -0.7395 0.0, 1.6339 -0.7435 0.0, 1.642 -0.7497 0.0, 1.6483 -0.7579 0.0, 1.6522 -0.7674 0.0, 1.0446 -0.7382 0.0292, 1.0827 -0.7382 0.0, 1.0725 -0.7382 0.0013, 1.063 -0.7382 0.0053, 1.0548 -0.7382 0.0115, 1.0486 -0.7382 0.0197, 1.122 -0.1476 0.7283, 1.122 -0.7382 0.7283, 1.122 -0.1476 0.0591, 1.122 -0.7382 0.3346, 1.122 -0.7382 0.3346
            ]
        }
        coordIndex [
            0,1,2,-1,1,3,2,-1,2,3,4,-1,2,4,5,-1,5,4,6,-1,5,6,7,-1,8,9,10,-1,7,11,5,-1,5,11,12,-1,5,12,13,-1,13,12,14,-1,15,16,17,-1,15,17,9,-1,9,17,18,-1,9,18,10,-1,14,19,20,-1,14,21,13,-1,13,21,22,-1,13,22,23,-1,0,2,10,-1,10,2,24,-1,10,24,8,-1,8,24,25,-1,8,25,26,-1,20,27,14,-1,14,27,28,-1,14,28,21,-1,26,29,8,-1,8,29,30,-1,8,30,31,-1,22,32,23,-1,23,32,33,-1,23,33,34,-1,34,33,35,-1,36,37,38,-1,38,37,39,-1,38,39,40,-1,40,39,41,-1,40,41,42,-1,42,41,43,-1,13,44,5,-1,5,44,45,-1,5,45,46,-1,46,47,5,-1,5,47,48,-1,5,48,49,-1,41,50,43,-1,43,50,5,-1,43,5,51,-1,51,5,49,-1,44,13,23,-1,44,23,52,-1,52,23,34,-1,52,34,53,-1,53,34,35,-1,53,35,54,-1,54,35,33,-1,54,33,55,-1,55,33,32,-1,55,32,56,-1,56,32,22,-1,56,22,57,-1,58,57,21,-1,21,57,22,-1,58,21,28,-1,58,28,59,-1,59,28,27,-1,59,27,60,-1,60,27,20,-1,60,20,61,-1,61,20,19,-1,61,19,62,-1,62,19,14,-1,62,14,63,-1,63,14,64,-1,64,14,12,-1,64,12,65,-1,65,12,11,-1,65,11,66,-1,66,11,7,-1,66,7,67,-1,67,7,6,-1,67,6,68,-1,68,6,4,-1,68,4,69,-1,69,4,3,-1,69,3,70,-1,70,3,1,-1,70,1,71,-1,71,1,0,-1,71,0,72,-1,72,0,10,-1,72,10,18,-1,72,18,73,-1,73,18,17,-1,73,17,74,-1,74,17,16,-1,74,16,75,-1,75,16,15,-1,75,15,76,-1,76,15,9,-1,76,9,77,-1,78,77,8,-1,8,77,9,-1,78,8,31,-1,78,31,79,-1,79,31,30,-1,79,30,80,-1,80,30,29,-1,80,29,81,-1,81,29,26,-1,81,26,82,-1,82,26,25,-1,82,25,83,-1,83,25,24,-1,83,24,84,-1,84,24,85,-1,85,24,2,-1,85,2,86,-1,40,42,2,-1,2,42,87,-1,2,87,88,-1,88,89,2,-1,2,89,90,-1,2,90,86,-1,65,66,45,-1,45,66,67,-1,45,67,85,-1,85,67,68,-1,85,68,69,-1,69,70,85,-1,85,70,71,-1,85,71,84,-1,84,71,72,-1,59,60,61,-1,72,73,77,-1,77,73,74,-1,77,74,76,-1,76,74,75,-1,72,77,84,-1,84,77,78,-1,84,78,83,-1,57,58,63,-1,63,58,59,-1,63,59,62,-1,62,59,61,-1,78,79,80,-1,54,55,53,-1,53,55,52,-1,55,56,52,-1,52,56,57,-1,52,57,44,-1,44,57,63,-1,44,63,45,-1,45,63,64,-1,45,64,65,-1,80,81,78,-1,78,81,82,-1,78,82,83,-1,91,92,93,-1,5,50,2,-1,2,50,91,-1,2,91,94,-1,94,91,93,-1,36,38,93,-1,93,38,94,-1,37,36,92,-1,92,36,93,-1,94,38,2,-1,2,38,40,-1,42,43,51,-1,42,51,87,-1,87,51,49,-1,87,49,88,-1,88,49,48,-1,88,48,89,-1,89,48,47,-1,89,47,90,-1,90,47,46,-1,90,46,86,-1,86,46,45,-1,86,45,85,-1,91,39,92,-1,92,39,37,-1,41,39,50,-1,50,39,91,-1,95,96,97,-1,98,99,100,-1,100,99,95,-1,100,95,101,-1,97,102,95,-1,95,102,103,-1,95,103,104,-1,104,105,95,-1,95,105,106,-1,95,106,101,-1,107,108,109,-1,110,111,95,-1,95,111,112,-1,95,112,113,-1,113,112,114,-1,113,114,115,-1,116,117,118,-1,119,120,121,-1,119,121,117,-1,117,121,122,-1,117,122,118,-1,109,108,123,-1,115,124,113,-1,113,124,125,-1,113,125,108,-1,108,125,126,-1,108,126,123,-1,123,126,127,-1,123,127,128,-1,128,127,129,-1,128,129,130,-1,109,131,132,-1,133,134,135,-1,135,134,136,-1,134,137,136,-1,136,137,116,-1,136,116,99,-1,99,116,118,-1,99,118,95,-1,95,118,138,-1,95,138,110,-1,132,139,109,-1,109,139,140,-1,109,140,107,-1,141,102,142,-1,142,102,97,-1,142,97,143,-1,143,97,144,-1,143,144,145,-1,145,144,146,-1,147,116,137,-1,147,137,148,-1,148,137,134,-1,148,134,149,-1,149,134,133,-1,149,133,150,-1,150,133,135,-1,150,135,151,-1,151,135,136,-1,151,136,152,-1,152,136,99,-1,152,99,98,-1,147,153,116,-1,116,153,117,-1,154,118,122,-1,154,122,155,-1,155,122,121,-1,155,121,156,-1,156,121,120,-1,156,120,157,-1,157,120,119,-1,157,119,158,-1,158,119,117,-1,158,117,153,-1,159,126,160,-1,160,126,125,-1,160,125,161,-1,161,125,124,-1,161,124,162,-1,162,124,115,-1,162,115,163,-1,163,115,114,-1,163,114,164,-1,164,114,112,-1,164,112,165,-1,165,112,111,-1,165,111,166,-1,166,111,110,-1,166,110,167,-1,167,110,138,-1,167,138,154,-1,154,138,118,-1,168,123,128,-1,168,128,169,-1,169,128,130,-1,169,130,170,-1,170,130,129,-1,170,129,171,-1,171,129,127,-1,171,127,172,-1,172,127,126,-1,172,126,159,-1,168,173,123,-1,123,173,109,-1,174,108,107,-1,174,107,175,-1,175,107,140,-1,175,140,176,-1,176,140,139,-1,176,139,177,-1,177,139,132,-1,177,132,178,-1,178,132,131,-1,178,131,179,-1,179,131,109,-1,179,109,173,-1,113,108,174,-1,141,142,113,-1,141,113,180,-1,174,181,113,-1,113,181,182,-1,113,182,183,-1,183,184,113,-1,113,184,185,-1,113,185,180,-1,161,162,181,-1,181,162,163,-1,181,163,100,-1,100,163,164,-1,100,164,165,-1,174,159,181,-1,181,159,160,-1,181,160,161,-1,165,166,100,-1,100,166,167,-1,100,167,98,-1,98,167,154,-1,175,176,173,-1,154,155,153,-1,153,155,156,-1,153,156,158,-1,158,156,157,-1,148,149,98,-1,170,171,169,-1,169,171,172,-1,169,172,168,-1,168,172,159,-1,168,159,173,-1,173,159,174,-1,173,174,175,-1,154,153,98,-1,98,153,147,-1,98,147,148,-1,176,177,173,-1,173,177,178,-1,173,178,179,-1,149,150,98,-1,98,150,151,-1,98,151,152,-1,186,187,188,-1,188,187,189,-1,188,189,113,-1,113,189,96,-1,113,96,95,-1,143,145,188,-1,188,145,186,-1,187,186,146,-1,146,186,145,-1,143,188,142,-1,142,188,113,-1,181,100,101,-1,181,101,182,-1,182,101,106,-1,182,106,183,-1,183,106,105,-1,183,105,184,-1,184,105,104,-1,184,104,185,-1,185,104,103,-1,185,103,180,-1,180,103,102,-1,180,102,141,-1,144,189,146,-1,146,189,187,-1,144,97,189,-1,189,97,96,-1,
        ]
    }
}